idx,colA_tag,colA_id,colA_ptr,colB_tag,colB_id,colB_ptr
0,OK,1c,1425b6300,OK,1e,1425b6420
1,OK,1f,1425b6540,OK,20,1425b66b0
2,OK,21,1425b6840,OK,22,1425b6980
3,OK,23,1425b6a80,OK,24,1425b6b70
4,OK,25,1425b6c60,OK,26,1425b6cb0
5,OK,27,1425b6e50,OK,28,1425b6fe0
6,OK,29,1425b7130,OK,32,1425b7250
7,OK,33,1425bb300,OK,2a,1425b7350
8,OK,2b,1425b7420,OK,2c,1425b7600
9,OK,2f,1425b7720,OK,2d,1425b7820
10,OK,31,1425b7970,OK,30,1425b7ac0
11,OK,7b,1425b7e90,OK,7c,1425b7fe0
12,OK,7d,1425b8100,OK,7e,1425b8220
13,OK,7f,1425b8360,OK,80,1425b8460
14,OK,72,1425b8580,OK,73,1425b8720
15,OK,74,1425b8840,OK,76,1425b8a00
16,OK,75,1425b8ad0,OK,77,1425b8cc0
17,OK,78,1425b8e00,OK,79,1425b8ef0
18,OK,7a,1425b8f90,OK,34,1425b9150
19,OK,35,1425b9240,OK,38,1425b9480
20,OK,39,1425b95f0,OK,3b,1425b99a0
21,OK,3a,1425b9790,OK,3d,1425b9b40
22,OK,3e,1425b9cb0,OK,3f,1425b9d30
23,OK,40,1425b9ef0,OK,41,1425ba040
24,OK,42,1425ba0c0,OK,44,1425ba1e0
25,OK,45,1425ba2b0,OK,46,1425ba5b0
26,OK,47,1425ba630,OK,48,1425ba7d0
27,OK,49,1425bb5d0,OK,4a,1425bb6f0
28,OK,4b,1425bb840,OK,81,1425ba990
29,OK,82,1425baae0,OK,83,1425bac20
30,OK,84,1425bad40,OK,85,1425badc0
31,OK,86,1425baf10,OK,4d,1425bb030
32,OK,4e,1425bb170,OK,4f,1425bb3f0
33,OK,50,1425bb9b0,OK,51,1425bbaf0
34,OK,52,1425bbc10,OK,53,1425bbd50
35,OK,54,1425bbee0,OK,55,1425bc070
36,OK,56,1425bc160,OK,57,1425bc2d0
37,OK,59,1425bc560,OK,58,1425bc3f0
38,OK,5a,1425bc680,OK,5b,1425bc840
39,OK,5c,1425bc8e0,OK,5d,1425bc980
40,OK,5e,1425bcb20,OK,5f,1425bcc20
41,OK,60,1425bcd10,OK,61,1425bce10
42,OK,62,1425bcf30,OK,63,1425bd110
43,OK,64,1425bd3a0,OK,65,1425bd5b0
44,OK,66,1425bd630,OK,67,1425bd770
45,OK,68,1425bd870,OK,69,1425bd940
46,OK,6a,1425bda60,OK,6b,1425bdb60
47,OK,6c,1425bdcb0,OK,6d,1425bde50
48,OK,6e,1425bdfe0,OK,6f,1425be180
49,OK,70,1425be2c0,OK,71,1425be3e0
50,OK,87,1425be5c0,OK,88,1425be7b0
51,OK,89,1425be8d0,OK,8a,1425bea20
52,OK,8b,1425beb90,OK,8e,1425bee60
53,OK,8d,1425bec60,OK,8f,1425befa0
54,OK,8c,1425bed60,OK,90,1425bf0c0
55,OK,91,1425bf1c0,OK,92,1425bf290
56,OK,93,1425bf2e0,OK,94,1425bf570
57,OK,95,1425bf690,OK,96,1425bf800
58,OK,97,1425bf9c0,OK,98,1425bfb80
59,OK,99,1425bfd90,OK,9a,1425bff00
60,OK,9b,1425c0050,OK,a0,1425c0170
61,OK,a1,1425c01f0,OK,a2,1425c0330
62,OK,a3,1425c0430,OK,a4,1425c0580
63,OK,a5,1425c0810,OK,a6,1425c0a20
64,OK,a7,1425c0b40,OK,a8,1425c0bc0
65,OK,a9,1425c0d50,OK,aa,1425c0e70
66,OK,ab,1425c1000,OK,ac,1425c1170
67,OK,ad,1425c12e0,OK,ae,1425c13e0
68,OK,af,1425c15a0,OK,b0,1425c1740
69,OK,b1,1425c1890,OK,b2,1425c19b0
70,OK,bf,1425c27b0,OK,c0,1425c2920
71,OK,b3,1425c1b50,OK,b4,1425c1bd0
72,OK,b5,1425c1c50,OK,b6,1425c1cd0
73,OK,b7,1425c1e90,OK,b8,1425c1f60
74,OK,ba,1425c20d0,OK,bb,1425c21f0
75,OK,bc,1425c23b0,OK,bd,1425c2520
76,OK,be,1425c2620,OK,c1,1425c2bd0
77,OK,c2,1425c2cd0,OK,c3,1425c2e40
78,OK,c4,1425c2f90,OK,c5,1425c3250
79,OK,c6,1425c3420,OK,c7,1425c3570
80,OK,c8,1425c36b0,OK,c9,1425c37d0
81,OK,ca,1425c38f0,OK,cd,1425c3a30
82,OK,ce,1425c3b50,OK,cf,1425c3c40
83,OK,cb,1425c3cc0,OK,d0,1425c3d60
84,OK,d1,1425c3eb0,OK,d2,1425c3f50
85,OK,d3,1425c4160,OK,dc,1425c4ae0
86,OK,dd,1425c4be0,OK,de,1425c4d20
87,OK,df,1425c4e90,OK,e0,1425c4fe0
88,OK,e1,1425c50e0,OK,e3,1425c5c80
89,OK,e2,1425c5b60,OK,1d0,1425c5230
90,OK,1d1,1425c5320,OK,1d2,1425c5490
91,OK,1d3,1425c5530,OK,1d4,1425c5750
92,OK,1d5,1425c5890,OK,1d6,1425c5a70
93,OK,e6,1425c5d80,OK,e7,1425c5e70
94,OK,e8,1425c5fc0,OK,e9,1425c60c0
95,OK,ea,1425c6250,OK,d4,1425c4260
96,OK,d5,1425c43d0,OK,d6,1425c44f0
97,OK,d8,1425c4630,OK,d9,1425c4700
98,OK,da,1425c4870,OK,db,1425c49c0
99,OK,eb,1425c6410,OK,ec,1425c6650
100,OK,ed,1425c6740,OK,ee,1425c67c0
101,OK,ef,1425c68e0,OK,f0,1425c69e0
102,OK,f1,1425c6ae0,OK,f2,1425c6c70
103,OK,f3,1425c6d90,OK,f4,1425c6e90
104,OK,f6,1425c6fb0,OK,f5,1425c70a0
105,OK,f7,1425c71c0,OK,f8,1425c7290
106,OK,f9,1425c73e0,OK,fa,1425c74d0
107,OK,fb,1425c75c0,OK,fc,1425c7690
108,OK,fd,1425c7760,OK,fe,1425c7830
109,OK,ff,1425c7980,OK,100,1425c7ad0
110,OK,5c,1425c7b70,BADFT,8b48ff76,141246040
111,OK,5d,1425c7bf0,BADFT,8b48ff76,1412461a0
112,OK,5e,1425c7d30,BADFT,8b48ff76,141246280
113,OK,5f,1425c7e00,BADFT,538bff76,1412462e0
114,OK,62,1425c7fc0,BADFT,888b4802,1412460a0
115,OK,60,1425c80b0,BADFT,8b48ff76,141246140
116,OK,61,1425c8200,BADFT,8b48ff76,141246210
117,OK,63,1425c8390,BADFT,888b4802,141246350
118,OK,64,1425c84e0,BADFT,9888,1412463a0
119,OK,65,1425c85b0,BADFT,888b4802,1412463e0
120,OK,66,1425c8700,BADFT,8b48ff76,141246430
121,OK,67,1425c87d0,BADFT,9888,141246490
122,OK,6c,1425c88d0,BADFT,9888,1412464d0
123,OK,6d,1425c8a60,BADFT,9888,141246510
124,OK,6e,1425c8b00,BADFT,ff018b48,141246550
125,OK,6a,1425c8b50,BADFT,e8f28b4c,141246590
126,OK,68,1425c9030,BADFT,9888,141246720
127,OK,69,1425c9150,BADFT,98888b48,141246760
128,OK,6b,1425c9250,BADFT,9888,1412467a0
129,OK,70,1425c9370,BADFT,9888,1412467f0
130,OK,71,1425c93f0,BADFT,9888,141246830
131,OK,6f,1425c9540,BADFT,9888,141246870
132,OK,72,1425c9660,BADFT,8b48ff76,1412468b0
133,OK,73,1425c9880,BADFT,e9e8fa8b,141246920
134,OK,74,1425c9a40,BADFT,538bff76,141246a00
135,OK,75,1425c9c30,BADFT,8b48ff76,141246a80
136,OK,77,1425c9ed0,BADFT,29e8fa8b,141246ae0
137,OK,76,1425c9cb0,BADFT,8b48ff76,141246b90
138,OK,79,1425ca180,BADFT,1343f4c,141246c60
139,OK,7a,1425cecb0,BADFT,9888,141246f60
140,OK,18,1425ca340,BADFT,8b480000,141246fb0
141,OK,19,1425ca410,BADFT,8b48ff76,141247000
142,OK,1a,1425ca530,BADFT,8b48ff76,141247060
143,OK,1b,1425ca5b0,BADFT,8b480000,1412470e0
144,OK,1c,1425ca6d0,BADFT,8b48ff76,141247130
145,OK,1d,1425ca7d0,BADFT,8b48ff76,1412471d0
146,OK,1e,1425ca910,BADFT,8b48ff76,141247240
147,OK,95,1425caa80,BADFT,538bff76,1412472b0
148,OK,96,1425caba0,BADFT,538bff76,141247310
149,OK,7b,1425cee70,BADFT,538bff76,141247370
150,OK,7c,1425cf0d0,BADFT,538bff76,141247400
151,OK,97,1425cad60,BADFT,578bff76,1412474b0
152,OK,98,1425bbdf0,BADFT,888b4802,141247860
153,OK,99,1425bbf80,BADFT,888b4802,1412478b0
154,OK,9a,1425bc1e0,BADFT,888b4802,141247900
155,OK,9b,1425bc350,BADFT,578bff76,141247e10
156,OK,7d,1425cf330,BADFT,888b4802,141247950
157,OK,7e,1425cf4d0,BADFT,888b4806,141247990
158,OK,7f,1425cf6b0,BADFT,578bff76,1412479f0
159,OK,80,1425cf820,BADFT,888b4802,141247a50
160,OK,81,1425cf960,BADFT,888b4802,141247a90
161,OK,82,1425cfa80,BADFT,888b4802,141247ad0
162,OK,83,1425cfba0,BADFT,57415641,141247b10
163,OK,84,1425cfd30,BADFT,888b4802,141247c80
164,OK,85,1425cff40,BADFT,888b4802,141247c30
165,OK,86,1425d0180,BADFT,888b4802,141247760
166,OK,87,1425d02c0,BADFT,888b4802,141247560
167,OK,88,1425d0390,BADFT,888b4802,1412477a0
168,OK,89,1425d0460,BADFT,888b4802,1412477e0
169,OK,8a,1425d0560,BADFT,888b4802,1412476e0
170,OK,8b,1425d05e0,BADFT,888b4802,141247820
171,OK,8c,1425d0820,BADFT,888b4802,141247520
172,OK,8d,1425d0960,BADFT,888b4802,141247720
173,OK,8e,1425d0a50,BADFT,888b4802,1412475e0
174,OK,8f,1425d0b50,BADFT,888b4802,1412475a0
175,OK,90,1425d1300,BADFT,578bff76,141247620
176,OK,92,1425d0c70,BADFT,5a8b4802,141247cd0
177,OK,93,1425d0fd0,BADFT,290f0a7a,141247d30
178,OK,94,1425d0e10,BADFT,48025a8b,141247da0
179,OK,9c,1425caea0,BADFT,578bff76,141247e80
180,OK,9f,1425ca870,BADFT,83485340,1402401f0
181,OK,9d,1425d1600,BADFT,538bff76,141247f10
182,OK,a8,1425cb180,BADFT,538bff76,141247f80
183,OK,a9,1425cb2c0,BADFT,538bff76,141247fe0
184,OK,9e,1425cb400,BADFT,89484d74,1412485d0
185,OK,a2,1425cb520,BADFT,82840f,141248420
186,OK,a1,1425cb690,BADFT,89485274,1412481e0
187,OK,a3,1425cb7d0,BADFT,c085ffea,141248250
188,OK,a5,1425cbab0,BADFT,1b80b75,1412484d0
189,OK,a4,1425cbbf0,BADFT,1b80b75,141248110
190,OK,a6,1425ce050,BADFT,59e82024,1412480b0
191,OK,a7,1425ce140,BADFT,89484d74,141248040
192,OK,e7,1425cbd60,BADFT,89484d74,141248e30
193,OK,e8,1425cbe80,BADFT,89485174,141248780
194,OK,e9,1425cc140,BADFT,26d840f,1412487f0
195,OK,ea,1425cc260,BADFT,89484d74,141248af0
196,OK,eb,1425cc2e0,BADFT,92840f,141248d70
197,OK,ec,1425cc3d0,BADFT,8e840f,141248c40
198,OK,ed,1425cc540,BADFT,89485f74,141248cf0
199,OK,ee,1425cc660,BADFT,89484d74,141248640
200,OK,ef,1425cc780,BADFT,89485274,1412486b0
201,OK,f0,1425cc8f0,BADFT,89484d74,141248bd0
202,OK,f1,1425cca10,BADFT,8b48ff76,141248720
203,OK,f2,1425ccb10,BADFT,89484d74,141248b60
204,OK,138,1425ccc60,BADFT,89484d74,141249950
205,OK,139,1425ccd80,BADFT,8b48ff76,141248f00
206,OK,13c,1425cd060,BADFT,3ec840f,141248f70
207,OK,13a,1425cd2a0,BADFT,89484d74,141249380
208,OK,13b,1425cd410,BADFT,c085ffea,1412493f0
209,OK,141,1425cd560,BADFT,c085ffea,141249460
210,OK,142,1425cd680,BADFT,c085ffea,1412495a0
211,OK,143,1425cd7a0,BADFT,c085ffea,141249500
212,OK,144,1425cd910,BADFT,c085ffea,141249640
213,OK,13d,1425cdab0,BADFT,c085ffea,1412496d0
214,OK,13e,1425cdc00,BADFT,c085ffea,141249750
215,OK,13f,1425cdd50,BADFT,c085ffea,1412498a0
216,OK,140,1425cdf60,BADFT,c085ffea,1412497f0
217,OK,aa,1425ce260,BADFT,888b4802,141248ea0
218,OK,ab,1425ce380,BADFT,538bff76,141249a40
219,OK,ac,1425d17e0,BADFT,888b4802,141249aa0
