registrar,callAddr,col,tag,id,ptr,block
RecvOnly,14020701d,0,OK,2ec,1425b0ba0,.data
RecvOnly,14020701d,1,CODE,,1410e2800,.text
RecvOnly,14020701d,0,OK,2eb,1425b0c20,.data
RecvOnly,14020701d,1,CODE,,1410e2930,.text
RecvOnly,140207d8d,0,OK,13,1425b1150,.data
RecvOnly,140207d8d,1,CODE,,1410f1830,.text
RecvOnly,140207d8d,0,OK,11,1425b1220,.data
RecvOnly,140207d8d,1,CODE,,1410f15d0,.text
RecvOnly,140207d8d,0,OK,14,1425b12a0,.data
RecvOnly,140207d8d,1,CODE,,1410f1690,.text
RecvOnly,140207d8d,0,OK,12,1425b1390,.data
RecvOnly,140207d8d,1,CODE,,1410f1650,.text
RecvOnly,140207d8d,0,OK,16,1425b1430,.data
RecvOnly,140207d8d,1,CODE,,1410f1870,.text
RecvOnly,14020b30d,0,OK,2de,1425dc610,.data
RecvOnly,14020b30d,1,CODE,,1412c19a0,.text
RecvOnly,14020b30d,0,OK,2df,1425dc6e0,.data
RecvOnly,14020b30d,1,CODE,,1412c1a10,.text
RecvOnly,14020b30d,0,OK,2e0,1425dc850,.data
RecvOnly,14020b30d,1,CODE,,1412c1b20,.text
RecvOnly,14020b30d,0,OK,2e1,1425dc920,.data
RecvOnly,14020b30d,1,CODE,,1412c1b90,.text
RecvOnly,14020b30d,0,OK,2e2,1425dc9f0,.data
RecvOnly,14020b30d,1,CODE,,1412c1c00,.text
RecvOnly,14020b30d,0,OK,2e3,1425dcac0,.data
RecvOnly,14020b30d,1,CODE,,1412c1c90,.text
RecvOnly,14020b30d,0,OK,2e4,1425dcc10,.data
RecvOnly,14020b30d,1,CODE,,1412c1d20,.text
RecvOnly,14020b30d,0,OK,2e5,1425dcce0,.data
RecvOnly,14020b30d,1,CODE,,1412c1dc0,.text
RecvOnly,14021bc9d,0,OK,30e,1425f0880,.data
RecvOnly,14021bc9d,1,CODE,,141342da0,.text
RecvOnly,14021bc9d,0,OK,30f,1425f0900,.data
RecvOnly,14021bc9d,1,CODE,,141343c50,.text
RecvOnly,14021bded,0,OK,312,1425f0db0,.data
RecvOnly,14021bded,1,CODE,,1413582c0,.text
RecvOnly,14021bded,0,OK,315,1425f0f50,.data
RecvOnly,14021bded,1,CODE,,141357f20,.text
RecvOnly,14021bded,0,OK,316,1425f1160,.data
RecvOnly,14021bded,1,CODE,,141357f50,.text
RecvOnly,14021bded,0,OK,313,1425f0e50,.data
RecvOnly,14021bded,1,CODE,,141358120,.text
RecvOnly,14021bded,0,OK,314,1425f0ed0,.data
RecvOnly,14021bded,1,CODE,,1413581f0,.text
RecvOnly,14021c29d,0,OK,317,1425f1510,.data
RecvOnly,14021c29d,1,CODE,,14135b520,.text
RecvOnly,14021c29d,0,OK,318,1425f15e0,.data
RecvOnly,14021c29d,1,CODE,,14135b580,.text
RecvOnly,14021c29d,0,OK,319,1425f1680,.data
RecvOnly,14021c29d,1,CODE,,14135b5e0,.text
RecvOnly,14021c29d,0,OK,31a,1425f1770,.data
RecvOnly,14021c29d,1,CODE,,14135b630,.text
RecvOnly,14021c29d,0,OK,31b,1425f1810,.data
RecvOnly,14021c29d,1,CODE,,14135b660,.text
RecvOnly,14021c29d,0,OK,31c,1425f1900,.data
RecvOnly,14021c29d,1,CODE,,14135b6c0,.text
RecvOnly,14021c29d,0,OK,31d,1425f19a0,.data
RecvOnly,14021c29d,1,CODE,,14135b6f0,.text
RecvOnly,14021cf4d,0,OK,10f,1425fa480,.data
RecvOnly,14021cf4d,1,CODE,,1413a4fc0,.text
RecvOnly,14021d48d,0,OK,3b9,1425fd090,.data
RecvOnly,14021d48d,1,CODE,,1417f3790,.text
RecvOnly,14021d48d,0,OK,3ba,1425fd130,.data
RecvOnly,14021d48d,1,CODE,,1417f37c0,.text
RecvOnly,14021d48d,0,OK,3bb,1425fd220,.data
RecvOnly,14021d48d,1,CODE,,1417f37f0,.text
RecvOnly,14021d48d,0,OK,3bc,1425fd2c0,.data
RecvOnly,14021d48d,1,CODE,,1417f3820,.text
RecvOnly,14021d48d,0,OK,3bd,1425fd360,.data
RecvOnly,14021d48d,1,CODE,,1417f3850,.text
RecvOnly,14021d48d,0,OK,3be,1425fd400,.data
RecvOnly,14021d48d,1,CODE,,1417f38b0,.text
RecvOnly,14021d48d,0,OK,3bf,1425fd4a0,.data
RecvOnly,14021d48d,1,CODE,,1417f38e0,.text
RecvOnly,14021d48d,0,OK,3c0,1425fd590,.data
RecvOnly,14021d48d,1,CODE,,1417f3910,.text
RecvOnly,14021d48d,0,OK,3c1,1425fd7c0,.data
RecvOnly,14021d48d,1,CODE,,1417f3940,.text
RecvOnly,14021d48d,0,OK,3c2,1425fd9f0,.data
RecvOnly,14021d48d,1,CODE,,1417f3970,.text
RecvOnly,14021d48d,0,OK,3c3,1425fdae0,.data
RecvOnly,14021d48d,1,CODE,,1417f39a0,.text
RecvOnly,14021d48d,0,OK,3c8,1425fdca0,.data
RecvOnly,14021d48d,1,CODE,,1417f39d0,.text
RecvOnly,14021d48d,0,OK,3c9,1425fddc0,.data
RecvOnly,14021d48d,1,CODE,,1417f3a00,.text
RecvOnly,14021d48d,0,OK,3ca,1425fdf50,.data
RecvOnly,14021d48d,1,CODE,,1417f3a30,.text
RecvOnly,14021d48d,0,OK,3cb,1425fe070,.data
RecvOnly,14021d48d,1,CODE,,1417f3a60,.text
RecvOnly,14021d48d,0,OK,3cc,1425fe2f0,.data
RecvOnly,14021d48d,1,CODE,,1417f3880,.text
RecvOnly,14021d48d,0,OK,3cd,1425fe390,.data
RecvOnly,14021d48d,1,CODE,,1417f3a90,.text
RecvOnly,14021d48d,0,OK,3ce,1425fe430,.data
RecvOnly,14021d48d,1,CODE,,1417f3ac0,.text
RecvOnly,14021d48d,0,OK,3cf,1425fe4d0,.data
RecvOnly,14021d48d,1,CODE,,1417f3af0,.text
RecvOnly,14021d48d,0,OK,3d0,1425fe570,.data
RecvOnly,14021d48d,1,CODE,,1417f3b50,.text
RecvOnly,14021d48d,0,OK,3d1,1425fe690,.data
RecvOnly,14021d48d,1,CODE,,1417f3b20,.text
RecvOnly,14021d48d,0,OK,3d2,1425fe730,.data
RecvOnly,14021d48d,1,CODE,,1417f3b80,.text
RecvOnly,14021e4ad,0,OK,3f8,142602540,.data
RecvOnly,14021e4ad,1,CODE,,1413f3590,.text
RecvOnly,14021e4ad,0,OK,3f9,142602640,.data
RecvOnly,14021e4ad,1,CODE,,1413f35e0,.text
RecvOnly,14021e75d,0,OK,3fd,142602e10,.data
RecvOnly,14021e75d,1,CODE,,1414082b0,.text
RecvOnly,14021e75d,0,OK,3fe,142603040,.data
RecvOnly,14021e75d,1,CODE,,1414083a0,.text
RecvOnly,14021e75d,0,OK,3ff,1426032c0,.data
RecvOnly,14021e75d,1,CODE,,1414084a0,.text
RecvOnly,14021e75d,0,OK,400,142603360,.data
RecvOnly,14021e75d,1,CODE,,1414084e0,.text
RecvOnly,14021e75d,0,OK,401,142603400,.data
RecvOnly,14021e75d,1,CODE,,141408510,.text
RecvOnly,14021e75d,0,OK,402,1426034a0,.data
RecvOnly,14021e75d,1,CODE,,141408540,.text
RecvOnly,14021e75d,0,OK,403,142603540,.data
RecvOnly,14021e75d,1,CODE,,141408570,.text
RecvOnly,14021e75d,0,OK,404,1426035e0,.data
RecvOnly,14021e75d,1,CODE,,1414085a0,.text
RecvOnly,14021e85d,0,OK,405,142603750,.data
RecvOnly,14021e85d,1,CODE,,141409ba0,.text
RecvOnly,14021e85d,0,OK,406,1426038c0,.data
RecvOnly,14021e85d,1,CODE,,141409d60,.text
RecvOnly,14021e85d,0,OK,407,142603960,.data
RecvOnly,14021e85d,1,CODE,,141409cd0,.text
RecvOnly,14021e85d,0,OK,408,142603ad0,.data
RecvOnly,14021e85d,1,CODE,,141409d20,.text
RecvOnly,14021e85d,0,OK,409,142603b50,.data
RecvOnly,14021e85d,1,CODE,,141409da0,.text
RecvOnly,14021e85d,0,OK,40a,142603bd0,.data
RecvOnly,14021e85d,1,CODE,,141409de0,.text
RecvOnly,14021ee6d,0,OK,6,14260a850,.data
RecvOnly,14021ee6d,1,CODE,,141441ac0,.text
RecvOnly,14021ee6d,0,OK,7,14260a990,.data
RecvOnly,14021ee6d,1,CODE,,141441af0,.text
RecvOnly,14021ee6d,0,OK,8,14260aa80,.data
RecvOnly,14021ee6d,1,CODE,,141441b20,.text
RecvOnly,14021ee6d,0,OK,9,14260aba0,.data
RecvOnly,14021ee6d,1,CODE,,141441af0,.text
RecvOnly,14021ee6d,0,OK,a,14260ad10,.data
RecvOnly,14021ee6d,1,CODE,,141441af0,.text
RecvOnly,14021ef5d,0,OK,475,14260b320,.data
RecvOnly,14021ef5d,1,CODE,,141444800,.text
RecvOnly,14021ef5d,0,OK,476,14260b410,.data
RecvOnly,14021ef5d,1,CODE,,1414448b0,.text
RecvOnly,14021ef5d,0,OK,477,14260b490,.data
RecvOnly,14021ef5d,1,CODE,,141444910,.text
RecvOnly,14021ef5d,0,OK,478,14260b530,.data
RecvOnly,14021ef5d,1,CODE,,141444990,.text
RecvOnly,14021ef5d,0,OK,479,14260b5d0,.data
RecvOnly,14021ef5d,1,CODE,,141444a10,.text
RecvOnly,14021ef5d,0,OK,47a,14260b6c0,.data
RecvOnly,14021ef5d,1,CODE,,141444aa0,.text
RecvOnly,14021f7bd,0,OK,4ba,14260e920,.data
RecvOnly,14021f7bd,1,CODE,,141466280,.text
RecvOnly,14021f7bd,0,OK,4bb,14260e9f0,.data
RecvOnly,14021f7bd,1,CODE,,1414662f0,.text
RecvOnly,14021fa1d,0,OK,4c2,14260f410,.data
RecvOnly,14021fa1d,1,CODE,,141475f10,.text
RecvOnly,14021faad,0,OK,4c5,14260faa0,.data
RecvOnly,14021faad,1,CODE,,141477230,.text
RecvOnly,14021fb6d,0,OK,4c6,14260fe60,.data
RecvOnly,14021fb6d,1,CODE,,141477620,.text
RecvOnly,14021fb6d,0,OK,4c7,14260ff00,.data
RecvOnly,14021fb6d,1,CODE,,1414776b0,.text
RecvOnly,14021fb6d,0,OK,4c8,14260ffd0,.data
RecvOnly,14021fb6d,1,CODE,,141477760,.text
RecvOnly,14021fb6d,0,OK,4c9,142610070,.data
RecvOnly,14021fb6d,1,CODE,,141477800,.text
RecvOnly,14021fb6d,0,OK,4ca,142610140,.data
RecvOnly,14021fb6d,1,CODE,,1402401f0,.text
RecvOnly,14021fb6d,0,OK,4cb,1426101c0,.data
RecvOnly,14021fb6d,1,CODE,,141477890,.text
RecvOnly,14021fb6d,0,OK,4cc,142610260,.data
RecvOnly,14021fb6d,1,CODE,,141477920,.text
RecvOnly,14021fc5d,0,OK,4cd,1426105d0,.data
RecvOnly,14021fc5d,1,CODE,,14147ac10,.text
RecvOnly,14021fc5d,0,OK,4ce,142610650,.data
RecvOnly,14021fc5d,1,CODE,,14147ac70,.text
RecvOnly,14021fc5d,0,OK,4cf,1426106f0,.data
RecvOnly,14021fc5d,1,CODE,,14147ad00,.text
RecvOnly,14021fc5d,0,OK,4d0,142610790,.data
RecvOnly,14021fc5d,1,CODE,,14147ad80,.text
RecvOnly,14021fc5d,0,OK,4d1,142610880,.data
RecvOnly,14021fc5d,1,CODE,,14147add0,.text
RecvOnly,14022009d,0,OK,4d3,142610d70,.data
RecvOnly,14022009d,1,CODE,,141482810,.text
RecvOnly,14022009d,0,OK,4d4,142610e10,.data
RecvOnly,14022009d,1,CODE,,1414827e0,.text
RecvOnly,14022009d,0,OK,4d5,142610eb0,.data
RecvOnly,14022009d,1,CODE,,1414827a0,.text
RecvOnly,14022009d,0,OK,4d6,142610f80,.data
RecvOnly,14022009d,1,CODE,,141482850,.text
RecvOnly,14022009d,0,OK,4d7,142611070,.data
RecvOnly,14022009d,1,CODE,,141482890,.text
RecvOnly,14022009d,0,OK,4d8,1426110f0,.data
RecvOnly,14022009d,1,CODE,,1414828c0,.text
RecvOnly,14022009d,0,OK,4d9,142611190,.data
RecvOnly,14022009d,1,CODE,,1414828f0,.text
RecvOnly,14022035d,0,OK,4dd,142612020,.data
RecvOnly,14022035d,1,CODE,,14148c210,.text
RecvOnly,140230f4d,0,OK,b,14263ee70,.data
RecvOnly,140230f4d,1,CODE,,1417ec460,.text
RecvOnly,140230f4d,0,OK,c,14263eec0,.data
RecvOnly,140230f4d,1,CODE,,1417ec480,.text
RecvOnly,140230f4d,0,OK,d,14263ef60,.data
RecvOnly,140230f4d,1,CODE,,1417ec4e0,.text
RecvOnly,140230f4d,0,OK,e,14263f000,.data
RecvOnly,140230f4d,1,CODE,,1417ec5b0,.text
RecvOnly,140230f4d,0,OK,f,14263f0a0,.data
RecvOnly,140230f4d,1,CODE,,1417ec4b0,.text
RecvOnly,140230f4d,0,OK,10,14263f140,.data
RecvOnly,140230f4d,1,CODE,,1417ec5f0,.text
TablePair,1401a6fc1,0,OK,1,1425a8fa0,.data
TablePair,1401a6fc1,1,OK,2,1425a8ff0,.data
TablePair,1401a6fc1,0,OK,1,1425a9070,.data
TablePair,1401a6fc1,1,CODE,,14023e8e0,.text
TablePair,1401a7cc1,0,OK,1be,14254e6d0,.data
TablePair,1401a7cc1,1,OK,1bf,14254e750,.data
TablePair,1401a7cc1,0,OK,1c0,14254e7d0,.data
TablePair,1401a7cc1,1,OK,1c1,14254e8a0,.data
TablePair,1401a7cc1,0,OK,1c2,14254e940,.data
TablePair,1401a7cc1,1,OK,1c3,14254ea10,.data
TablePair,1401a7cc1,0,OK,1c4,14254eae0,.data
TablePair,1401a7cc1,1,OK,1c5,14254eb80,.data
TablePair,1401a7cc1,0,OK,1c6,14254ec20,.data
TablePair,1401a7cc1,1,OK,1c7,14254eca0,.data
TablePair,1401a7cc1,0,OK,47b,14254ed40,.data
TablePair,1401a7cc1,1,CODE,,14027ce90,.text
TablePair,1401a7cc1,0,CODE,,14026d570,.text
TablePair,1401a7cc1,1,CODE,,14026d9a0,.text
TablePair,1401a7cc1,0,CODE,,14026dd20,.text
TablePair,1401a7cc1,1,CODE,,14026d930,.text
TablePair,1401a7cc1,0,CODE,,14026d5b0,.text
TablePair,1401a7cc1,1,CODE,,14026d620,.text
TablePair,1401a7cc1,0,CODE,,14026d700,.text
TablePair,1401a7cc1,1,CODE,,14026d790,.text
TablePair,1401ddef1,0,OK,1fd,142577820,.data
TablePair,1401ddef1,1,OK,1fe,142577960,.data
TablePair,1401ddef1,0,OK,1ff,142577a30,.data
TablePair,1401ddef1,1,OK,200,142577b50,.data
TablePair,1401ddef1,0,OK,201,142577bf0,.data
TablePair,1401ddef1,1,OK,202,142577cc0,.data
TablePair,1401ddef1,0,OK,4f5,142577d40,.data
TablePair,1401ddef1,1,CODE,,14094b310,.text
TablePair,1401ddef1,0,OK,4f6,142577de0,.data
TablePair,1401ddef1,1,CODE,,14094b380,.text
TablePair,1401ddef1,0,OK,4f7,142578060,.data
TablePair,1401ddef1,1,CODE,,14094b570,.text
TablePair,1401de761,0,OK,203,1425795c0,.data
TablePair,1401de761,1,OK,204,142579660,.data
TablePair,1401de761,0,OK,501,1425796e0,.data
TablePair,1401de761,1,CODE,,140957920,.text
TablePair,1401dee91,0,OK,205,14257ace0,.data
TablePair,1401dee91,1,OK,206,14257ad60,.data
TablePair,1401dee91,0,OK,207,14257adb0,.data
TablePair,1401dee91,1,OK,209,14257ae30,.data
TablePair,1401dee91,0,OK,20a,14257ae80,.data
TablePair,1401dee91,1,OK,20b,14257af20,.data
TablePair,1401dee91,0,OK,20c,14257aff0,.data
TablePair,1401dee91,1,NULL,,,
TablePair,1401dee91,0,OK,513,142579cd0,.data
TablePair,1401dee91,1,CODE,,1409ae590,.text
TablePair,1401dee91,0,OK,515,142579d50,.data
TablePair,1401dee91,1,CODE,,1409ae600,.text
TablePair,1401dee91,0,OK,516,142579e20,.data
TablePair,1401dee91,1,CODE,,1409ae810,.text
TablePair,140204fb1,0,OK,3,1425a9cd0,.data
TablePair,140204fb1,1,OK,4,1425a9fb0,.data
TablePair,140204fb1,0,OK,5,1425aa190,.data
TablePair,140204fb1,1,OK,6,1425aa260,.data
TablePair,140204fb1,0,OK,7,1425aa4e0,.data
TablePair,140204fb1,1,OK,8,1425aa860,.data
TablePair,140204fb1,0,OK,9,1425ab710,.data
TablePair,140204fb1,1,OK,a,1425abec0,.data
TablePair,140204fb1,0,OK,b,1425ac280,.data
TablePair,140204fb1,1,OK,d,1425acb60,.data
TablePair,140204fb1,0,OK,e,1425ace80,.data
TablePair,140204fb1,1,OK,f,1425ad1a0,.data
TablePair,140204fb1,0,OK,10,1425ae020,.data
TablePair,140204fb1,1,OK,11,1425ae260,.data
TablePair,140204fb1,0,OK,12,1425ae360,.data
TablePair,140204fb1,1,OK,13,1425ae4d0,.data
TablePair,140204fb1,0,OK,14,1425ae850,.data
TablePair,140204fb1,1,OK,15,1425aec70,.data
TablePair,140204fb1,0,OK,16,1425aef90,.data
TablePair,140204fb1,1,OK,17,1425af260,.data
TablePair,140204fb1,0,OK,18,1425af4a0,.data
TablePair,140204fb1,1,OK,19,1425af7c0,.data
TablePair,140204fb1,0,OK,1a,1425af9a0,.data
TablePair,140204fb1,1,NULL,,,
TablePair,140204fb1,0,OK,1f,1425a9da0,.data
TablePair,140204fb1,1,CODE,,14102e010,.text
TablePair,140204fb1,0,OK,20,1425a9e70,.data
TablePair,140204fb1,1,CODE,,14102e0b0,.text
TablePair,140204fb1,0,OK,21,1425aa0a0,.data
TablePair,140204fb1,1,CODE,,14102e150,.text
TablePair,140204fb1,0,OK,22,1425aa3a0,.data
TablePair,140204fb1,1,CODE,,14102e1f0,.text
TablePair,140204fb1,0,OK,23,1425aa6a0,.data
TablePair,140204fb1,1,CODE,,14102e290,.text
TablePair,140204fb1,0,OK,24,1425aa930,.data
TablePair,140204fb1,1,CODE,,14102e330,.text
TablePair,140204fb1,0,OK,25,1425aaa00,.data
TablePair,140204fb1,1,CODE,,14102e3d0,.text
TablePair,140204fb1,0,OK,26,1425aacb0,.data
TablePair,140204fb1,1,CODE,,14102e470,.text
TablePair,140204fb1,0,OK,28,1425ab060,.data
TablePair,140204fb1,1,CODE,,14102e510,.text
TablePair,140204fb1,0,OK,29,1425ab3b0,.data
TablePair,140204fb1,1,CODE,,14102e5b0,.text
TablePair,140204fb1,0,OK,2a,1425ab480,.data
TablePair,140204fb1,1,CODE,,14102e6b0,.text
TablePair,140208bb1,0,OK,1cf,1425b3bb0,.data
TablePair,140208bb1,1,OK,4d2,1425b3cd0,.data
TablePair,140209311,0,OK,1b,1425b4dd0,.data
TablePair,140209311,1,OK,59,1425b4bc0,.data
TablePair,14020a031,0,OK,1c,1425b6300,.data
TablePair,14020a031,1,OK,1e,1425b6420,.data
TablePair,14020a031,0,OK,1f,1425b6540,.data
TablePair,14020a031,1,OK,20,1425b66b0,.data
TablePair,14020a031,0,OK,21,1425b6840,.data
TablePair,14020a031,1,OK,22,1425b6980,.data
TablePair,14020a031,0,OK,23,1425b6a80,.data
TablePair,14020a031,1,OK,24,1425b6b70,.data
TablePair,14020a031,0,OK,25,1425b6c60,.data
TablePair,14020a031,1,OK,26,1425b6cb0,.data
TablePair,14020a031,0,OK,27,1425b6e50,.data
TablePair,14020a031,1,OK,28,1425b6fe0,.data
TablePair,14020a031,0,OK,29,1425b7130,.data
TablePair,14020a031,1,OK,32,1425b7250,.data
TablePair,14020a031,0,OK,33,1425bb300,.data
TablePair,14020a031,1,OK,2a,1425b7350,.data
TablePair,14020a031,0,OK,2b,1425b7420,.data
TablePair,14020a031,1,OK,2c,1425b7600,.data
TablePair,14020a031,0,OK,2f,1425b7720,.data
TablePair,14020a031,1,OK,2d,1425b7820,.data
TablePair,14020a031,0,OK,31,1425b7970,.data
TablePair,14020a031,1,OK,30,1425b7ac0,.data
TablePair,14020a031,0,OK,7b,1425b7e90,.data
TablePair,14020a031,1,OK,7c,1425b7fe0,.data
TablePair,14020a031,0,OK,7d,1425b8100,.data
TablePair,14020a031,1,OK,7e,1425b8220,.data
TablePair,14020a031,0,OK,7f,1425b8360,.data
TablePair,14020a031,1,OK,80,1425b8460,.data
TablePair,14020a031,0,OK,72,1425b8580,.data
TablePair,14020a031,1,OK,73,1425b8720,.data
TablePair,14020a031,0,OK,74,1425b8840,.data
TablePair,14020a031,1,OK,76,1425b8a00,.data
TablePair,14020a031,0,OK,75,1425b8ad0,.data
TablePair,14020a031,1,OK,77,1425b8cc0,.data
TablePair,14020a031,0,OK,78,1425b8e00,.data
TablePair,14020a031,1,OK,79,1425b8ef0,.data
TablePair,14020a031,0,OK,7a,1425b8f90,.data
TablePair,14020a031,1,OK,34,1425b9150,.data
TablePair,14020a031,0,OK,35,1425b9240,.data
TablePair,14020a031,1,OK,38,1425b9480,.data
TablePair,14020a031,0,OK,39,1425b95f0,.data
TablePair,14020a031,1,OK,3b,1425b99a0,.data
TablePair,14020a031,0,OK,3a,1425b9790,.data
TablePair,14020a031,1,OK,3d,1425b9b40,.data
TablePair,14020a031,0,OK,3e,1425b9cb0,.data
TablePair,14020a031,1,OK,3f,1425b9d30,.data
TablePair,14020a031,0,OK,40,1425b9ef0,.data
TablePair,14020a031,1,OK,41,1425ba040,.data
TablePair,14020a031,0,OK,42,1425ba0c0,.data
TablePair,14020a031,1,OK,44,1425ba1e0,.data
TablePair,14020a031,0,OK,45,1425ba2b0,.data
TablePair,14020a031,1,OK,46,1425ba5b0,.data
TablePair,14020a031,0,OK,47,1425ba630,.data
TablePair,14020a031,1,OK,48,1425ba7d0,.data
TablePair,14020a031,0,OK,49,1425bb5d0,.data
TablePair,14020a031,1,OK,4a,1425bb6f0,.data
TablePair,14020a031,0,OK,4b,1425bb840,.data
TablePair,14020a031,1,OK,81,1425ba990,.data
TablePair,14020a031,0,OK,82,1425baae0,.data
TablePair,14020a031,1,OK,83,1425bac20,.data
TablePair,14020a031,0,OK,84,1425bad40,.data
TablePair,14020a031,1,OK,85,1425badc0,.data
TablePair,14020a031,0,OK,86,1425baf10,.data
TablePair,14020a031,1,OK,4d,1425bb030,.data
TablePair,14020a031,0,OK,4e,1425bb170,.data
TablePair,14020a031,1,OK,4f,1425bb3f0,.data
TablePair,14020a031,0,OK,50,1425bb9b0,.data
TablePair,14020a031,1,OK,51,1425bbaf0,.data
TablePair,14020a031,0,OK,52,1425bbc10,.data
TablePair,14020a031,1,OK,53,1425bbd50,.data
TablePair,14020a031,0,OK,54,1425bbee0,.data
TablePair,14020a031,1,OK,55,1425bc070,.data
TablePair,14020a031,0,OK,56,1425bc160,.data
TablePair,14020a031,1,OK,57,1425bc2d0,.data
TablePair,14020a031,0,OK,59,1425bc560,.data
TablePair,14020a031,1,OK,58,1425bc3f0,.data
TablePair,14020a031,0,OK,5a,1425bc680,.data
TablePair,14020a031,1,OK,5b,1425bc840,.data
TablePair,14020a031,0,OK,5c,1425bc8e0,.data
TablePair,14020a031,1,OK,5d,1425bc980,.data
TablePair,14020a031,0,OK,5e,1425bcb20,.data
TablePair,14020a031,1,OK,5f,1425bcc20,.data
TablePair,14020a031,0,OK,60,1425bcd10,.data
TablePair,14020a031,1,OK,61,1425bce10,.data
TablePair,14020a031,0,OK,62,1425bcf30,.data
TablePair,14020a031,1,OK,63,1425bd110,.data
TablePair,14020a031,0,OK,64,1425bd3a0,.data
TablePair,14020a031,1,OK,65,1425bd5b0,.data
TablePair,14020a031,0,OK,66,1425bd630,.data
TablePair,14020a031,1,OK,67,1425bd770,.data
TablePair,14020a031,0,OK,68,1425bd870,.data
TablePair,14020a031,1,OK,69,1425bd940,.data
TablePair,14020a031,0,OK,6a,1425bda60,.data
TablePair,14020a031,1,OK,6b,1425bdb60,.data
TablePair,14020a031,0,OK,6c,1425bdcb0,.data
TablePair,14020a031,1,OK,6d,1425bde50,.data
TablePair,14020a031,0,OK,6e,1425bdfe0,.data
TablePair,14020a031,1,OK,6f,1425be180,.data
TablePair,14020a031,0,OK,70,1425be2c0,.data
TablePair,14020a031,1,OK,71,1425be3e0,.data
TablePair,14020a031,0,OK,87,1425be5c0,.data
TablePair,14020a031,1,OK,88,1425be7b0,.data
TablePair,14020a031,0,OK,89,1425be8d0,.data
TablePair,14020a031,1,OK,8a,1425bea20,.data
TablePair,14020a031,0,OK,8b,1425beb90,.data
TablePair,14020a031,1,OK,8e,1425bee60,.data
TablePair,14020a031,0,OK,8d,1425bec60,.data
TablePair,14020a031,1,OK,8f,1425befa0,.data
TablePair,14020a031,0,OK,8c,1425bed60,.data
TablePair,14020a031,1,OK,90,1425bf0c0,.data
TablePair,14020a031,0,OK,91,1425bf1c0,.data
TablePair,14020a031,1,OK,92,1425bf290,.data
TablePair,14020a031,0,OK,93,1425bf2e0,.data
TablePair,14020a031,1,OK,94,1425bf570,.data
TablePair,14020a031,0,OK,95,1425bf690,.data
TablePair,14020a031,1,OK,96,1425bf800,.data
TablePair,14020a031,0,OK,97,1425bf9c0,.data
TablePair,14020a031,1,OK,98,1425bfb80,.data
TablePair,14020a031,0,OK,99,1425bfd90,.data
TablePair,14020a031,1,OK,9a,1425bff00,.data
TablePair,14020a031,0,OK,9b,1425c0050,.data
TablePair,14020a031,1,OK,a0,1425c0170,.data
TablePair,14020a031,0,OK,a1,1425c01f0,.data
TablePair,14020a031,1,OK,a2,1425c0330,.data
TablePair,14020a031,0,OK,a3,1425c0430,.data
TablePair,14020a031,1,OK,a4,1425c0580,.data
TablePair,14020a031,0,OK,a5,1425c0810,.data
TablePair,14020a031,1,OK,a6,1425c0a20,.data
TablePair,14020a031,0,OK,a7,1425c0b40,.data
TablePair,14020a031,1,OK,a8,1425c0bc0,.data
TablePair,14020a031,0,OK,a9,1425c0d50,.data
TablePair,14020a031,1,OK,aa,1425c0e70,.data
TablePair,14020a031,0,OK,ab,1425c1000,.data
TablePair,14020a031,1,OK,ac,1425c1170,.data
TablePair,14020a031,0,OK,ad,1425c12e0,.data
TablePair,14020a031,1,OK,ae,1425c13e0,.data
TablePair,14020a031,0,OK,af,1425c15a0,.data
TablePair,14020a031,1,OK,b0,1425c1740,.data
TablePair,14020a031,0,OK,b1,1425c1890,.data
TablePair,14020a031,1,OK,b2,1425c19b0,.data
TablePair,14020a031,0,OK,bf,1425c27b0,.data
TablePair,14020a031,1,OK,c0,1425c2920,.data
TablePair,14020a031,0,OK,b3,1425c1b50,.data
TablePair,14020a031,1,OK,b4,1425c1bd0,.data
TablePair,14020a031,0,OK,b5,1425c1c50,.data
TablePair,14020a031,1,OK,b6,1425c1cd0,.data
TablePair,14020a031,0,OK,b7,1425c1e90,.data
TablePair,14020a031,1,OK,b8,1425c1f60,.data
TablePair,14020a031,0,OK,ba,1425c20d0,.data
TablePair,14020a031,1,OK,bb,1425c21f0,.data
TablePair,14020a031,0,OK,bc,1425c23b0,.data
TablePair,14020a031,1,OK,bd,1425c2520,.data
TablePair,14020a031,0,OK,be,1425c2620,.data
TablePair,14020a031,1,OK,c1,1425c2bd0,.data
TablePair,14020a031,0,OK,c2,1425c2cd0,.data
TablePair,14020a031,1,OK,c3,1425c2e40,.data
TablePair,14020a031,0,OK,c4,1425c2f90,.data
TablePair,14020a031,1,OK,c5,1425c3250,.data
TablePair,14020a031,0,OK,c6,1425c3420,.data
TablePair,14020a031,1,OK,c7,1425c3570,.data
TablePair,14020a031,0,OK,c8,1425c36b0,.data
TablePair,14020a031,1,OK,c9,1425c37d0,.data
TablePair,14020a031,0,OK,ca,1425c38f0,.data
TablePair,14020a031,1,OK,cd,1425c3a30,.data
TablePair,14020a031,0,OK,ce,1425c3b50,.data
TablePair,14020a031,1,OK,cf,1425c3c40,.data
TablePair,14020a031,0,OK,cb,1425c3cc0,.data
TablePair,14020a031,1,OK,d0,1425c3d60,.data
TablePair,14020a031,0,OK,d1,1425c3eb0,.data
TablePair,14020a031,1,OK,d2,1425c3f50,.data
TablePair,14020a031,0,OK,d3,1425c4160,.data
TablePair,14020a031,1,OK,dc,1425c4ae0,.data
TablePair,14020a031,0,OK,dd,1425c4be0,.data
TablePair,14020a031,1,OK,de,1425c4d20,.data
TablePair,14020a031,0,OK,df,1425c4e90,.data
TablePair,14020a031,1,OK,e0,1425c4fe0,.data
TablePair,14020a031,0,OK,e1,1425c50e0,.data
TablePair,14020a031,1,OK,e3,1425c5c80,.data
TablePair,14020a031,0,OK,e2,1425c5b60,.data
TablePair,14020a031,1,OK,1d0,1425c5230,.data
TablePair,14020a031,0,OK,1d1,1425c5320,.data
TablePair,14020a031,1,OK,1d2,1425c5490,.data
TablePair,14020a031,0,OK,1d3,1425c5530,.data
TablePair,14020a031,1,OK,1d4,1425c5750,.data
TablePair,14020a031,0,OK,1d5,1425c5890,.data
TablePair,14020a031,1,OK,1d6,1425c5a70,.data
TablePair,14020a031,0,OK,e6,1425c5d80,.data
TablePair,14020a031,1,OK,e7,1425c5e70,.data
TablePair,14020a031,0,OK,e8,1425c5fc0,.data
TablePair,14020a031,1,OK,e9,1425c60c0,.data
TablePair,14020a031,0,OK,ea,1425c6250,.data
TablePair,14020a031,1,OK,d4,1425c4260,.data
TablePair,14020a031,0,OK,d5,1425c43d0,.data
TablePair,14020a031,1,OK,d6,1425c44f0,.data
TablePair,14020a031,0,OK,d8,1425c4630,.data
TablePair,14020a031,1,OK,d9,1425c4700,.data
TablePair,14020a031,0,OK,da,1425c4870,.data
TablePair,14020a031,1,OK,db,1425c49c0,.data
TablePair,14020a031,0,OK,eb,1425c6410,.data
TablePair,14020a031,1,OK,ec,1425c6650,.data
TablePair,14020a031,0,OK,ed,1425c6740,.data
TablePair,14020a031,1,OK,ee,1425c67c0,.data
TablePair,14020a031,0,OK,ef,1425c68e0,.data
TablePair,14020a031,1,OK,f0,1425c69e0,.data
TablePair,14020a031,0,OK,f1,1425c6ae0,.data
TablePair,14020a031,1,OK,f2,1425c6c70,.data
TablePair,14020a031,0,OK,f3,1425c6d90,.data
TablePair,14020a031,1,OK,f4,1425c6e90,.data
TablePair,14020a031,0,OK,f6,1425c6fb0,.data
TablePair,14020a031,1,OK,f5,1425c70a0,.data
TablePair,14020a031,0,OK,f7,1425c71c0,.data
TablePair,14020a031,1,OK,f8,1425c7290,.data
TablePair,14020a031,0,OK,f9,1425c73e0,.data
TablePair,14020a031,1,OK,fa,1425c74d0,.data
TablePair,14020a031,0,OK,fb,1425c75c0,.data
TablePair,14020a031,1,OK,fc,1425c7690,.data
TablePair,14020a031,0,OK,fd,1425c7760,.data
TablePair,14020a031,1,OK,fe,1425c7830,.data
TablePair,14020a031,0,OK,ff,1425c7980,.data
TablePair,14020a031,1,OK,100,1425c7ad0,.data
TablePair,14020a031,0,OK,5c,1425c7b70,.data
TablePair,14020a031,1,CODE,,141246040,.text
TablePair,14020a031,0,OK,5d,1425c7bf0,.data
TablePair,14020a031,1,CODE,,1412461a0,.text
TablePair,14020a031,0,OK,5e,1425c7d30,.data
TablePair,14020a031,1,CODE,,141246280,.text
TablePair,14020a031,0,OK,5f,1425c7e00,.data
TablePair,14020a031,1,CODE,,1412462e0,.text
TablePair,14020a031,0,OK,62,1425c7fc0,.data
TablePair,14020a031,1,CODE,,1412460a0,.text
TablePair,14020a031,0,OK,60,1425c80b0,.data
TablePair,14020a031,1,CODE,,141246140,.text
TablePair,14020a031,0,OK,61,1425c8200,.data
TablePair,14020a031,1,CODE,,141246210,.text
TablePair,14020a031,0,OK,63,1425c8390,.data
TablePair,14020a031,1,CODE,,141246350,.text
TablePair,14020a031,0,OK,64,1425c84e0,.data
TablePair,14020a031,1,CODE,,1412463a0,.text
TablePair,14020a031,0,OK,65,1425c85b0,.data
TablePair,14020a031,1,CODE,,1412463e0,.text
TablePair,14020a031,0,OK,66,1425c8700,.data
TablePair,14020a031,1,CODE,,141246430,.text
TablePair,14020a031,0,OK,67,1425c87d0,.data
TablePair,14020a031,1,CODE,,141246490,.text
TablePair,14020a031,0,OK,6c,1425c88d0,.data
TablePair,14020a031,1,CODE,,1412464d0,.text
TablePair,14020a031,0,OK,6d,1425c8a60,.data
TablePair,14020a031,1,CODE,,141246510,.text
TablePair,14020a031,0,OK,6e,1425c8b00,.data
TablePair,14020a031,1,CODE,,141246550,.text
TablePair,14020a031,0,OK,6a,1425c8b50,.data
TablePair,14020a031,1,CODE,,141246590,.text
TablePair,14020a031,0,OK,68,1425c9030,.data
TablePair,14020a031,1,CODE,,141246720,.text
TablePair,14020a031,0,OK,69,1425c9150,.data
TablePair,14020a031,1,CODE,,141246760,.text
TablePair,14020a031,0,OK,6b,1425c9250,.data
TablePair,14020a031,1,CODE,,1412467a0,.text
TablePair,14020a031,0,OK,70,1425c9370,.data
TablePair,14020a031,1,CODE,,1412467f0,.text
TablePair,14020a031,0,OK,71,1425c93f0,.data
TablePair,14020a031,1,CODE,,141246830,.text
TablePair,14020a031,0,OK,6f,1425c9540,.data
TablePair,14020a031,1,CODE,,141246870,.text
TablePair,14020a031,0,OK,72,1425c9660,.data
TablePair,14020a031,1,CODE,,1412468b0,.text
TablePair,14020a031,0,OK,73,1425c9880,.data
TablePair,14020a031,1,CODE,,141246920,.text
TablePair,14020a031,0,OK,74,1425c9a40,.data
TablePair,14020a031,1,CODE,,141246a00,.text
TablePair,14020a031,0,OK,75,1425c9c30,.data
TablePair,14020a031,1,CODE,,141246a80,.text
TablePair,14020a031,0,OK,77,1425c9ed0,.data
TablePair,14020a031,1,CODE,,141246ae0,.text
TablePair,14020a031,0,OK,76,1425c9cb0,.data
TablePair,14020a031,1,CODE,,141246b90,.text
TablePair,14020a031,0,OK,79,1425ca180,.data
TablePair,14020a031,1,CODE,,141246c60,.text
TablePair,14020a031,0,OK,7a,1425cecb0,.data
TablePair,14020a031,1,CODE,,141246f60,.text
TablePair,14020a031,0,OK,18,1425ca340,.data
TablePair,14020a031,1,CODE,,141246fb0,.text
TablePair,14020a031,0,OK,19,1425ca410,.data
TablePair,14020a031,1,CODE,,141247000,.text
TablePair,14020a031,0,OK,1a,1425ca530,.data
TablePair,14020a031,1,CODE,,141247060,.text
TablePair,14020a031,0,OK,1b,1425ca5b0,.data
TablePair,14020a031,1,CODE,,1412470e0,.text
TablePair,14020a031,0,OK,1c,1425ca6d0,.data
TablePair,14020a031,1,CODE,,141247130,.text
TablePair,14020a031,0,OK,1d,1425ca7d0,.data
TablePair,14020a031,1,CODE,,1412471d0,.text
TablePair,14020a031,0,OK,1e,1425ca910,.data
TablePair,14020a031,1,CODE,,141247240,.text
TablePair,14020a031,0,OK,95,1425caa80,.data
TablePair,14020a031,1,CODE,,1412472b0,.text
TablePair,14020a031,0,OK,96,1425caba0,.data
TablePair,14020a031,1,CODE,,141247310,.text
TablePair,14020a031,0,OK,7b,1425cee70,.data
TablePair,14020a031,1,CODE,,141247370,.text
TablePair,14020a031,0,OK,7c,1425cf0d0,.data
TablePair,14020a031,1,CODE,,141247400,.text
TablePair,14020a031,0,OK,97,1425cad60,.data
TablePair,14020a031,1,CODE,,1412474b0,.text
TablePair,14020a031,0,OK,98,1425bbdf0,.data
TablePair,14020a031,1,CODE,,141247860,.text
TablePair,14020a031,0,OK,99,1425bbf80,.data
TablePair,14020a031,1,CODE,,1412478b0,.text
TablePair,14020a031,0,OK,9a,1425bc1e0,.data
TablePair,14020a031,1,CODE,,141247900,.text
TablePair,14020a031,0,OK,9b,1425bc350,.data
TablePair,14020a031,1,CODE,,141247e10,.text
TablePair,14020a031,0,OK,7d,1425cf330,.data
TablePair,14020a031,1,CODE,,141247950,.text
TablePair,14020a031,0,OK,7e,1425cf4d0,.data
TablePair,14020a031,1,CODE,,141247990,.text
TablePair,14020a031,0,OK,7f,1425cf6b0,.data
TablePair,14020a031,1,CODE,,1412479f0,.text
TablePair,14020a031,0,OK,80,1425cf820,.data
TablePair,14020a031,1,CODE,,141247a50,.text
TablePair,14020a031,0,OK,81,1425cf960,.data
TablePair,14020a031,1,CODE,,141247a90,.text
TablePair,14020a031,0,OK,82,1425cfa80,.data
TablePair,14020a031,1,CODE,,141247ad0,.text
TablePair,14020a031,0,OK,83,1425cfba0,.data
TablePair,14020a031,1,CODE,,141247b10,.text
TablePair,14020a031,0,OK,84,1425cfd30,.data
TablePair,14020a031,1,CODE,,141247c80,.text
TablePair,14020a031,0,OK,85,1425cff40,.data
TablePair,14020a031,1,CODE,,141247c30,.text
TablePair,14020a031,0,OK,86,1425d0180,.data
TablePair,14020a031,1,CODE,,141247760,.text
TablePair,14020a031,0,OK,87,1425d02c0,.data
TablePair,14020a031,1,CODE,,141247560,.text
TablePair,14020a031,0,OK,88,1425d0390,.data
TablePair,14020a031,1,CODE,,1412477a0,.text
TablePair,14020a031,0,OK,89,1425d0460,.data
TablePair,14020a031,1,CODE,,1412477e0,.text
TablePair,14020a031,0,OK,8a,1425d0560,.data
TablePair,14020a031,1,CODE,,1412476e0,.text
TablePair,14020a031,0,OK,8b,1425d05e0,.data
TablePair,14020a031,1,CODE,,141247820,.text
TablePair,14020a031,0,OK,8c,1425d0820,.data
TablePair,14020a031,1,CODE,,141247520,.text
TablePair,14020a031,0,OK,8d,1425d0960,.data
TablePair,14020a031,1,CODE,,141247720,.text
TablePair,14020a031,0,OK,8e,1425d0a50,.data
TablePair,14020a031,1,CODE,,1412475e0,.text
TablePair,14020a031,0,OK,8f,1425d0b50,.data
TablePair,14020a031,1,CODE,,1412475a0,.text
TablePair,14020a031,0,OK,90,1425d1300,.data
TablePair,14020a031,1,CODE,,141247620,.text
TablePair,14020a031,0,OK,92,1425d0c70,.data
TablePair,14020a031,1,CODE,,141247cd0,.text
TablePair,14020a031,0,OK,93,1425d0fd0,.data
TablePair,14020a031,1,CODE,,141247d30,.text
TablePair,14020a031,0,OK,94,1425d0e10,.data
TablePair,14020a031,1,CODE,,141247da0,.text
TablePair,14020a031,0,OK,9c,1425caea0,.data
TablePair,14020a031,1,CODE,,141247e80,.text
TablePair,14020a031,0,OK,9f,1425ca870,.data
TablePair,14020a031,1,CODE,,1402401f0,.text
TablePair,14020a031,0,OK,9d,1425d1600,.data
TablePair,14020a031,1,CODE,,141247f10,.text
TablePair,14020a031,0,OK,a8,1425cb180,.data
TablePair,14020a031,1,CODE,,141247f80,.text
TablePair,14020a031,0,OK,a9,1425cb2c0,.data
TablePair,14020a031,1,CODE,,141247fe0,.text
TablePair,14020a031,0,OK,9e,1425cb400,.data
TablePair,14020a031,1,CODE,,1412485d0,.text
TablePair,14020a031,0,OK,a2,1425cb520,.data
TablePair,14020a031,1,CODE,,141248420,.text
TablePair,14020a031,0,OK,a1,1425cb690,.data
TablePair,14020a031,1,CODE,,1412481e0,.text
TablePair,14020a031,0,OK,a3,1425cb7d0,.data
TablePair,14020a031,1,CODE,,141248250,.text
TablePair,14020a031,0,OK,a5,1425cbab0,.data
TablePair,14020a031,1,CODE,,1412484d0,.text
TablePair,14020a031,0,OK,a4,1425cbbf0,.data
TablePair,14020a031,1,CODE,,141248110,.text
TablePair,14020a031,0,OK,a6,1425ce050,.data
TablePair,14020a031,1,CODE,,1412480b0,.text
TablePair,14020a031,0,OK,a7,1425ce140,.data
TablePair,14020a031,1,CODE,,141248040,.text
TablePair,14020a031,0,OK,e7,1425cbd60,.data
TablePair,14020a031,1,CODE,,141248e30,.text
TablePair,14020a031,0,OK,e8,1425cbe80,.data
TablePair,14020a031,1,CODE,,141248780,.text
TablePair,14020a031,0,OK,e9,1425cc140,.data
TablePair,14020a031,1,CODE,,1412487f0,.text
TablePair,14020a031,0,OK,ea,1425cc260,.data
TablePair,14020a031,1,CODE,,141248af0,.text
TablePair,14020a031,0,OK,eb,1425cc2e0,.data
TablePair,14020a031,1,CODE,,141248d70,.text
TablePair,14020a031,0,OK,ec,1425cc3d0,.data
TablePair,14020a031,1,CODE,,141248c40,.text
TablePair,14020a031,0,OK,ed,1425cc540,.data
TablePair,14020a031,1,CODE,,141248cf0,.text
TablePair,14020a031,0,OK,ee,1425cc660,.data
TablePair,14020a031,1,CODE,,141248640,.text
TablePair,14020a031,0,OK,ef,1425cc780,.data
TablePair,14020a031,1,CODE,,1412486b0,.text
TablePair,14020a031,0,OK,f0,1425cc8f0,.data
TablePair,14020a031,1,CODE,,141248bd0,.text
TablePair,14020a031,0,OK,f1,1425cca10,.data
TablePair,14020a031,1,CODE,,141248720,.text
TablePair,14020a031,0,OK,f2,1425ccb10,.data
TablePair,14020a031,1,CODE,,141248b60,.text
TablePair,14020a031,0,OK,138,1425ccc60,.data
TablePair,14020a031,1,CODE,,141249950,.text
TablePair,14020a031,0,OK,139,1425ccd80,.data
TablePair,14020a031,1,CODE,,141248f00,.text
TablePair,14020a031,0,OK,13c,1425cd060,.data
TablePair,14020a031,1,CODE,,141248f70,.text
TablePair,14020a031,0,OK,13a,1425cd2a0,.data
TablePair,14020a031,1,CODE,,141249380,.text
TablePair,14020a031,0,OK,13b,1425cd410,.data
TablePair,14020a031,1,CODE,,1412493f0,.text
TablePair,14020a031,0,OK,141,1425cd560,.data
TablePair,14020a031,1,CODE,,141249460,.text
TablePair,14020a031,0,OK,142,1425cd680,.data
TablePair,14020a031,1,CODE,,1412495a0,.text
TablePair,14020a031,0,OK,143,1425cd7a0,.data
TablePair,14020a031,1,CODE,,141249500,.text
TablePair,14020a031,0,OK,144,1425cd910,.data
TablePair,14020a031,1,CODE,,141249640,.text
TablePair,14020a031,0,OK,13d,1425cdab0,.data
TablePair,14020a031,1,CODE,,1412496d0,.text
TablePair,14020a031,0,OK,13e,1425cdc00,.data
TablePair,14020a031,1,CODE,,141249750,.text
TablePair,14020a031,0,OK,13f,1425cdd50,.data
TablePair,14020a031,1,CODE,,1412498a0,.text
TablePair,14020a031,0,OK,140,1425cdf60,.data
TablePair,14020a031,1,CODE,,1412497f0,.text
TablePair,14020a031,0,OK,aa,1425ce260,.data
TablePair,14020a031,1,CODE,,141248ea0,.text
TablePair,14020a031,0,OK,ab,1425ce380,.data
TablePair,14020a031,1,CODE,,141249a40,.text
TablePair,14020a031,0,OK,ac,1425d17e0,.data
TablePair,14020a031,1,CODE,,141249aa0,.text
TablePair,14020a771,0,OK,105,1425dad60,.data
TablePair,14020a771,1,OK,106,1425dae00,.data
TablePair,14020a771,0,OK,104,1425daef0,.data
TablePair,14020a771,1,OK,107,1425dafe0,.data
TablePair,14020a771,0,OK,2cb,1425db0b0,.data
TablePair,14020a771,1,CODE,,1412abc00,.text
TablePair,14020a771,0,OK,2cc,1425db130,.data
TablePair,14020a771,1,CODE,,1412abc30,.text
TablePair,14020a8e1,0,OK,108,1425db9c0,.data
TablePair,14020a8e1,1,PTR_UNMAPPED,,6c0075006f0043,UNMAPPED
TablePair,14020b091,0,OK,101,1425dbb50,.data
TablePair,14020b091,1,OK,102,1425dbbd0,.data
TablePair,14020b091,0,OK,103,1425dbca0,.data
TablePair,14020b091,1,NULL,,,
TablePair,14020b091,0,OK,2d3,1425dbd90,.data
TablePair,14020b091,1,CODE,,1412bbb80,.text
TablePair,14020b421,0,OK,116,1425dd350,.data
TablePair,14020b421,1,OK,10a,1425dd1b0,.data
TablePair,14020b421,0,OK,10b,1425dd280,.data
TablePair,14020b421,1,NULL,,,
TablePair,14020b421,0,OK,301,1425dd540,.data
TablePair,14020b421,1,CODE,,1412cae30,.text
TablePair,14021b391,0,OK,10c,1425ebdc0,.data
TablePair,14021b391,1,OK,10d,1425ebc80,.data
TablePair,14021b391,0,OK,10e,1425ebe60,.data
TablePair,14021b391,1,OK,10f,1425ebf80,.data
TablePair,14021b391,0,OK,110,1425ec1c0,.data
TablePair,14021b391,1,OK,111,1425ec360,.data
TablePair,14021b391,0,OK,112,1425ec5e0,.data
TablePair,14021b391,1,OK,113,1425ec780,.data
TablePair,14021b391,0,OK,2ee,1425ec070,.data
TablePair,14021b391,1,CODE,,1413034b0,.text
TablePair,14021b391,0,OK,2ef,1425ec140,.data
TablePair,14021b391,1,CODE,,141303550,.text
TablePair,14021b391,0,OK,2f0,1425ec290,.data
TablePair,14021b391,1,CODE,,141302d20,.text
TablePair,14021b391,0,OK,2f1,1425ec4a0,.data
TablePair,14021b391,1,CODE,,141302db0,.text
TablePair,14021b521,0,OK,114,1425eca90,.data
TablePair,14021b521,1,OK,115,1425ecb30,.data
TablePair,14021b521,0,OK,2f4,1425ecbb0,.data
TablePair,14021b521,1,CODE,,14130ae40,.text
TablePair,14021b671,0,OK,11a,1425ee240,.data
TablePair,14021b671,1,OK,119,1425ee150,.data
TablePair,14021b671,0,OK,117,1425edcc0,.data
TablePair,14021b671,1,OK,11c,1425ee2c0,.data
TablePair,14021b671,0,OK,11d,1425ee3b0,.data
TablePair,14021b671,1,OK,11e,1425ee7a0,.data
TablePair,14021b671,0,OK,118,1425ee080,.data
TablePair,14021b671,1,OK,11b,1425ee890,.data
TablePair,14021b671,0,OK,11f,1425ee9b0,.data
TablePair,14021b671,1,NULL,,,
TablePair,14021b671,0,OK,302,1425eead0,.data
TablePair,14021b671,1,CODE,,141316bd0,.text
TablePair,14021b671,0,OK,303,1425eebc0,.data
TablePair,14021b671,1,CODE,,141316c00,.text
TablePair,14021b671,0,OK,304,1425eecb0,.data
TablePair,14021b671,1,CODE,,141316c30,.text
TablePair,14021b671,0,OK,305,1425ef210,.data
TablePair,14021b671,1,CODE,,141316c60,.text
TablePair,14021b991,0,OK,120,1425f03d0,.data
TablePair,14021b991,1,PTR_UNMAPPED,,ffffffffffffffff,UNMAPPED
TablePair,14021c451,0,OK,122,1425f2c30,.data
TablePair,14021c451,1,OK,123,1425f2cb0,.data
TablePair,14021c451,0,OK,124,1425f2d30,.data
TablePair,14021c451,1,OK,125,1425f2db0,.data
TablePair,14021c451,0,OK,126,1425f2e50,.data
TablePair,14021c451,1,NULL,,,
TablePair,14021c451,0,OK,333,1425f2ed0,.data
TablePair,14021c451,1,CODE,,14136c5e0,.text
TablePair,14021c451,0,OK,334,1425f2f50,.data
TablePair,14021c451,1,CODE,,14136c620,.text
TablePair,14021cb11,0,OK,127,1425f5920,.data
TablePair,14021cb11,1,OK,128,1425f59f0,.data
TablePair,14021cb11,0,OK,129,1425f5ae0,.data
TablePair,14021cb11,1,OK,12a,1425f5b30,.data
TablePair,14021cb11,0,OK,12b,1425f5bd0,.data
TablePair,14021cb11,1,OK,12c,1425f5d40,.data
TablePair,14021cb11,0,OK,12d,1425f5e80,.data
TablePair,14021cb11,1,OK,12e,1425f5f50,.data
TablePair,14021cb11,0,OK,12f,1425f6090,.data
TablePair,14021cb11,1,OK,130,1425f64e0,.data
TablePair,14021cb11,0,OK,131,1425f6200,.data
TablePair,14021cb11,1,OK,132,1425f6280,.data
TablePair,14021cb11,0,OK,133,1425f6320,.data
TablePair,14021cb11,1,OK,134,1425f6460,.data
TablePair,14021cb11,0,OK,13e,1425f65b0,.data
TablePair,14021cb11,1,OK,136,1425f6720,.data
TablePair,14021cb11,0,OK,138,1425f6810,.data
TablePair,14021cb11,1,OK,139,1425f6890,.data
TablePair,14021cb11,0,OK,13a,1425f6930,.data
TablePair,14021cb11,1,OK,13b,1425f69d0,.data
TablePair,14021cb11,0,OK,13c,1425f6a70,.data
TablePair,14021cb11,1,OK,13d,1425f6b60,.data
TablePair,14021cb11,0,OK,141,1425f6ee0,.data
TablePair,14021cb11,1,OK,13f,1425f6c50,.data
TablePair,14021cb11,0,OK,140,1425f6d20,.data
TablePair,14021cb11,1,OK,14a,1425f6df0,.data
TablePair,14021cb11,0,OK,142,1425f6f30,.data
TablePair,14021cb11,1,OK,143,1425f7050,.data
TablePair,14021cb11,0,OK,144,1425f7170,.data
TablePair,14021cb11,1,OK,145,1425f7240,.data
TablePair,14021cb11,0,OK,146,1425f72e0,.data
TablePair,14021cb11,1,OK,147,1425f73b0,.data
TablePair,14021cb11,0,OK,148,1425f7450,.data
TablePair,14021cb11,1,OK,149,1425f6160,.data
TablePair,14021cb11,0,OK,14b,1425f7540,.data
TablePair,14021cb11,1,OK,14c,1425f75c0,.data
TablePair,14021cb11,0,OK,360,1425f76b0,.data
TablePair,14021cb11,1,CODE,,141392dd0,.text
TablePair,14021cb11,0,OK,361,1425f78c0,.data
TablePair,14021cb11,1,CODE,,141392e50,.text
TablePair,14021cb11,0,OK,362,1425f7940,.data
TablePair,14021cb11,1,CODE,,141392e80,.text
TablePair,14021cb11,0,OK,363,1425f7a60,.data
TablePair,14021cb11,1,CODE,,141392f50,.text
TablePair,14021cb11,0,OK,364,1425f7b50,.data
TablePair,14021cb11,1,CODE,,141393010,.text
TablePair,14021cb11,0,OK,365,1425f7bf0,.data
TablePair,14021cb11,1,CODE,,141393070,.text
TablePair,14021cb11,0,OK,366,1425f7ce0,.data
TablePair,14021cb11,1,CODE,,141393170,.text
TablePair,14021cb11,0,OK,367,1425f79e0,.data
TablePair,14021cb11,1,CODE,,141392ef0,.text
TablePair,14021cb11,0,OK,368,1425f7990,.data
TablePair,14021cb11,1,CODE,,141392ed0,.text
TablePair,14021cb11,0,OK,369,1425f7d80,.data
TablePair,14021cb11,1,CODE,,1413931d0,.text
TablePair,14021cb11,0,OK,36c,1425f7e20,.data
TablePair,14021cb11,1,CODE,,141393210,.text
TablePair,14021cb11,0,OK,36a,1425f7f40,.data
TablePair,14021cb11,1,CODE,,141393290,.text
TablePair,14021cb11,0,OK,36b,1425f8010,.data
TablePair,14021cb11,1,CODE,,1413932d0,.text
TablePair,14021cb11,0,OK,36d,1425f8060,.data
TablePair,14021cb11,1,CODE,,1413932f0,.text
TablePair,14021cb11,0,OK,36e,1425f8100,.data
TablePair,14021cb11,1,CODE,,141393320,.text
TablePair,14021cb11,0,OK,36f,1425f81d0,.data
TablePair,14021cb11,1,CODE,,1413933a0,.text
TablePair,14021cb11,0,OK,371,1425f8250,.data
TablePair,14021cb11,1,CODE,,1413933d0,.text
TablePair,14021cb11,0,OK,373,1425f82d0,.data
TablePair,14021cb11,1,CODE,,141393470,.text
TablePair,14021cf01,0,OK,14d,1425f9d10,.data
TablePair,14021cf01,1,OK,14e,1425f9eb0,.data
TablePair,14021cf01,0,OK,14f,1425f9d90,.data
TablePair,14021cf01,1,OK,150,1425f9f30,.data
TablePair,14021cf01,0,OK,151,1425f9f80,.data
TablePair,14021cf01,1,OK,152,1425fa000,.data
TablePair,14021cf01,0,OK,153,1425fa080,.data
TablePair,14021cf01,1,OK,154,1425fa100,.data
TablePair,14021cf01,0,OK,388,1425fa1a0,.data
TablePair,14021cf01,1,CODE,,1413a4120,.text
TablePair,14021cf01,0,OK,389,1425fa270,.data
TablePair,14021cf01,1,CODE,,1413a41c0,.text
TablePair,14021cf01,0,PTR_UNMAPPED,,6f4378614d74756f,UNMAPPED
TablePair,14021cf01,1,PTR_UNMAPPED,,746e75,UNMAPPED
TablePair,14021cf01,0,PTR_UNMAPPED,,1000000000572613,UNMAPPED
TablePair,14021cf01,1,PTR_UNMAPPED,,2000000000572613,UNMAPPED
TablePair,14021d281,0,OK,155,1425fab40,.data
TablePair,14021d281,1,OK,156,1425fabc0,.data
TablePair,14021d281,0,OK,157,1425fac60,.data
TablePair,14021d281,1,OK,158,1425face0,.data
TablePair,14021d281,0,OK,15a,1425fad60,.data
TablePair,14021d281,1,OK,15c,1425fae00,.data
TablePair,14021d281,0,OK,15d,1425fae80,.data
TablePair,14021d281,1,OK,15e,1425faff0,.data
TablePair,14021d281,0,OK,15f,1425fb040,.data
TablePair,14021d281,1,OK,160,1425fb090,.data
TablePair,14021d281,0,OK,38a,1425fb0e0,.data
TablePair,14021d281,1,CODE,,1413b9710,.text
TablePair,14021d281,0,OK,38b,1425fb130,.data
TablePair,14021d281,1,CODE,,1413b9730,.text
TablePair,14021d281,0,OK,393,1425fb180,.data
TablePair,14021d281,1,CODE,,1413b9750,.text
TablePair,14021d281,0,OK,394,1425fb1d0,.data
TablePair,14021d281,1,CODE,,1413b97b0,.text
TablePair,14021d281,0,OK,395,1425fb250,.data
TablePair,14021d281,1,CODE,,1413b9820,.text
TablePair,14021dcb1,0,OK,161,1425ff190,.data
TablePair,14021dcb1,1,OK,3d4,1425ff020,.data
TablePair,14021dd81,0,OK,162,1425ff4a0,.data
TablePair,14021dd81,1,OK,163,1425ff570,.data
TablePair,14021dd81,0,OK,164,1425ff640,.data
TablePair,14021dd81,1,OK,165,1425ff6e0,.data
TablePair,14021dd81,0,OK,3d5,1425ff300,.data
TablePair,14021dd81,1,CODE,,1402401f0,.text
TablePair,14021dd81,0,OK,3d6,1425ff3a0,.data
TablePair,14021dd81,1,CODE,,1413dd990,.text
TablePair,14021df71,0,OK,166,1425ffc30,.data
TablePair,14021df71,1,OK,167,1425ffe20,.data
TablePair,14021df71,0,OK,168,1425ffcd0,.data
TablePair,14021df71,1,OK,169,1425ffea0,.data
TablePair,14021df71,0,OK,16a,1425ffda0,.data
TablePair,14021df71,1,OK,16b,1425fff20,.data
TablePair,14021df71,0,PTR_UNMAPPED,,2064696c61766e69,UNMAPPED
TablePair,14021df71,1,PTR_UNMAPPED,,6973207974726170,UNMAPPED
TablePair,14021df71,0,PTR_UNMAPPED,,657a,UNMAPPED
TablePair,14021df71,1,PTR_UNMAPPED,,6c4373795367664c,UNMAPPED
TablePair,14021df71,0,PTR_UNMAPPED,,7070632e67734d69,UNMAPPED
TablePair,14021df71,1,NULL,,,
TablePair,14021e101,0,OK,16c,142600130,.data
TablePair,14021e101,1,OK,170,1426001b0,.data
TablePair,14021e101,0,OK,171,142600250,.data
TablePair,14021e101,1,OK,16d,1426002f0,.data
TablePair,14021e101,0,OK,16e,142600370,.data
TablePair,14021e101,1,OK,16f,142600460,.data
TablePair,14021e101,0,OK,3d9,142600500,.data
TablePair,14021e101,1,CODE,,1413e7970,.text
TablePair,14021e101,0,OK,3da,1426005d0,.data
TablePair,14021e101,1,CODE,,1413e79b0,.text
TablePair,14021e101,0,OK,3db,142600650,.data
TablePair,14021e101,1,CODE,,1413e79e0,.text
TablePair,14021e271,0,OK,189,142600e40,.data
TablePair,14021e271,1,OK,18a,142600ec0,.data
TablePair,14021e271,0,OK,18b,142600f60,.data
TablePair,14021e271,1,OK,18c,142600fe0,.data
TablePair,14021e271,0,OK,18d,142601080,.data
TablePair,14021e271,1,OK,18e,142601120,.data
TablePair,14021e271,0,OK,18f,1426011c0,.data
TablePair,14021e271,1,OK,190,142601260,.data
TablePair,14021e271,0,OK,191,142601330,.data
TablePair,14021e271,1,OK,192,1426014a0,.data
TablePair,14021e271,0,OK,193,1426015f0,.data
TablePair,14021e271,1,OK,194,142601690,.data
TablePair,14021e271,0,OK,195,142601710,.data
TablePair,14021e271,1,OK,1fc,142601850,.data
TablePair,14021e271,0,OK,3e5,1426018d0,.data
TablePair,14021e271,1,CODE,,1413e9d50,.text
TablePair,14021e271,0,OK,3e6,1426019f0,.data
TablePair,14021e271,1,CODE,,1413e9dc0,.text
TablePair,14021e271,0,OK,3e7,142601a90,.data
TablePair,14021e271,1,CODE,,1413e9df0,.text
TablePair,14021e271,0,OK,3e8,142601b60,.data
TablePair,14021e271,1,CODE,,1413e9d00,.text
TablePair,14021e271,0,OK,3e9,142601ca0,.data
TablePair,14021e271,1,CODE,,1413e9e20,.text
TablePair,14021e271,0,OK,3ea,142601d20,.data
TablePair,14021e271,1,CODE,,1413e9e50,.text
TablePair,14021e271,0,OK,3eb,142601e60,.data
TablePair,14021e271,1,CODE,,1413e9ea0,.text
TablePair,14021e581,0,OK,196,142602710,.data
TablePair,14021e581,1,OK,3fa,142602b10,.data
TablePair,14021ea81,0,OK,19a,142604020,.data
TablePair,14021ea81,1,OK,19b,142604070,.data
TablePair,14021ea81,0,OK,19c,1426040c0,.data
TablePair,14021ea81,1,OK,19d,142604110,.data
TablePair,14021ea81,0,OK,1a0,142604160,.data
TablePair,14021ea81,1,OK,1a1,1426042d0,.data
TablePair,14021ea81,0,OK,1a2,142604460,.data
TablePair,14021ea81,1,OK,1a3,1426044b0,.data
TablePair,14021ea81,0,OK,1a4,142604500,.data
TablePair,14021ea81,1,OK,1a5,1426045a0,.data
TablePair,14021ea81,0,OK,1a6,142604880,.data
TablePair,14021ea81,1,OK,1a7,142604950,.data
TablePair,14021ea81,0,OK,1ad,142604d00,.data
TablePair,14021ea81,1,OK,1ae,142604d50,.data
TablePair,14021ea81,0,OK,1af,142604da0,.data
TablePair,14021ea81,1,OK,1b1,142604c80,.data
TablePair,14021ea81,0,OK,1b0,142604df0,.data
TablePair,14021ea81,1,OK,1b2,142604e70,.data
TablePair,14021ea81,0,OK,1b3,142604ef0,.data
TablePair,14021ea81,1,OK,1b4,142604f40,.data
TablePair,14021ea81,0,OK,1b5,142604fc0,.data
TablePair,14021ea81,1,OK,1b6,142605040,.data
TablePair,14021ea81,0,OK,1b8,1426049a0,.data
TablePair,14021ea81,1,OK,1bb,142604a70,.data
TablePair,14021ea81,0,OK,1bc,142604ac0,.data
TablePair,14021ea81,1,OK,19e,142604b10,.data
TablePair,14021ea81,0,OK,19f,142604bb0,.data
TablePair,14021ea81,1,OK,1b9,1426049f0,.data
TablePair,14021ea81,0,OK,1ba,142605090,.data
TablePair,14021ea81,1,OK,1a8,1426045f0,.data
TablePair,14021ea81,0,OK,1a9,142604690,.data
TablePair,14021ea81,1,OK,1ab,142604780,.data
TablePair,14021ea81,0,OK,1ac,142604800,.data
TablePair,14021ea81,1,OK,c,1426050e0,.data
TablePair,14021ea81,0,OK,3c,142605130,.data
TablePair,14021ea81,1,OK,d7,142605180,.data
TablePair,14021ea81,0,OK,109,1426051d0,.data
TablePair,14021ea81,1,OK,135,142605220,.data
TablePair,14021ea81,0,OK,172,142605270,.data
TablePair,14021ea81,1,OK,1aa,1426052c0,.data
TablePair,14021ea81,0,OK,1b7,142605310,.data
TablePair,14021ea81,1,NULL,,,
TablePair,14021ea81,0,OK,40b,142605360,.data
TablePair,14021ea81,1,CODE,,141410550,.text
TablePair,14021ea81,0,OK,40c,142607260,.data
TablePair,14021ea81,1,CODE,,1414105c0,.text
TablePair,14021ea81,0,OK,40d,1426053e0,.data
TablePair,14021ea81,1,CODE,,141410750,.text
TablePair,14021ea81,0,OK,40e,142605430,.data
TablePair,14021ea81,1,CODE,,141410790,.text
TablePair,14021ea81,0,OK,40f,142605480,.data
TablePair,14021ea81,1,CODE,,1414107d0,.text
TablePair,14021ea81,0,OK,410,142605570,.data
TablePair,14021ea81,1,CODE,,141410810,.text
TablePair,14021ea81,0,OK,411,1426055f0,.data
TablePair,14021ea81,1,CODE,,141410890,.text
TablePair,14021ea81,0,OK,412,142605640,.data
TablePair,14021ea81,1,CODE,,1414108f0,.text
TablePair,14021ea81,0,OK,414,1426057e0,.data
TablePair,14021ea81,1,CODE,,141410ad0,.text
TablePair,14021ea81,0,OK,416,142605980,.data
TablePair,14021ea81,1,CODE,,141410dd0,.text
TablePair,14021ea81,0,OK,413,142605760,.data
TablePair,14021ea81,1,CODE,,141410950,.text
TablePair,14021ea81,0,OK,415,142605900,.data
TablePair,14021ea81,1,CODE,,141410ba0,.text
TablePair,14021ea81,0,OK,417,142605aa0,.data
TablePair,14021ea81,1,CODE,,141410e40,.text
TablePair,14021ea81,0,OK,418,142605b20,.data
TablePair,14021ea81,1,CODE,,141410fc0,.text
TablePair,14021ea81,0,OK,419,142605b70,.data
TablePair,14021ea81,1,CODE,,141411000,.text
TablePair,14021ea81,0,OK,41a,142605ce0,.data
TablePair,14021ea81,1,CODE,,141411050,.text
TablePair,14021ea81,0,OK,41b,142605d30,.data
TablePair,14021ea81,1,CODE,,141411080,.text
TablePair,14021ea81,0,OK,41c,142605d80,.data
TablePair,14021ea81,1,CODE,,1414110b0,.text
TablePair,14021ea81,0,OK,41d,142605e70,.data
TablePair,14021ea81,1,CODE,,141411120,.text
TablePair,14021ea81,0,OK,41e,142605f60,.data
TablePair,14021ea81,1,CODE,,1414111b0,.text
TablePair,14021ee21,0,OK,1bd,1426074d0,.data
TablePair,14021ee21,1,CODE,,1402ce160,.text
TablePair,14021f1d1,0,OK,179,14260b840,.data
TablePair,14021f1d1,1,OK,17a,14260b8e0,.data
TablePair,14021f1d1,0,OK,17b,14260b960,.data
TablePair,14021f1d1,1,OK,17c,14260ba80,.data
TablePair,14021f1d1,0,OK,17d,14260bb70,.data
TablePair,14021f1d1,1,OK,4b4,14260b7c0,.data
TablePair,14021f1d1,0,CODE,,14144cfd0,.text
TablePair,14021f1d1,1,CODE,,14144ad90,.text
TablePair,14021f1d1,0,PTR_UNMAPPED,,6f667265505c3a44,UNMAPPED
TablePair,14021f1d1,1,PTR_UNMAPPED,,6576694c5c656372,UNMAPPED
TablePair,14021f501,0,OK,17e,14260dfc0,.data
TablePair,14021f501,1,OK,17f,14260e040,.data
TablePair,14021f501,0,OK,180,14260e0c0,.data
TablePair,14021f501,1,OK,181,14260e140,.data
TablePair,14021f501,0,OK,182,14260e190,.data
TablePair,14021f501,1,OK,183,14260e210,.data
TablePair,14021f501,0,OK,184,14260e290,.data
TablePair,14021f501,1,OK,186,14260e2e0,.data
TablePair,14021f501,0,OK,187,14260e360,.data
TablePair,14021f501,1,OK,188,14260e3b0,.data
TablePair,14021f501,0,OK,185,14260e430,.data
TablePair,14021f501,1,NULL,,,
TablePair,14021f501,0,OK,497,14260cb80,.data
TablePair,14021f501,1,CODE,,141460330,.text
TablePair,14021f501,0,OK,498,14260ccd0,.data
TablePair,14021f501,1,CODE,,1414603a0,.text
TablePair,14021f501,0,OK,499,14260cc00,.data
TablePair,14021f501,1,CODE,,141460360,.text
TablePair,14021f501,0,OK,49a,14260cda0,.data
TablePair,14021f501,1,CODE,,1414603d0,.text
TablePair,14021f501,0,OK,49b,14260ce90,.data
TablePair,14021f501,1,CODE,,141460440,.text
TablePair,14021f931,0,OK,1ce,14260ebd0,.data
TablePair,14021f931,1,NULL,,,
TablePair,14021fc0a,0,NOARGS,,,
TablePair,1402201f1,0,OK,1d7,142611690,.data
TablePair,1402201f1,1,OK,1d8,1426116e0,.data
TablePair,1402201f1,0,OK,1d9,142611760,.data
TablePair,1402201f1,1,OK,1dd,1426119f0,.data
TablePair,1402201f1,0,OK,1da,142611800,.data
TablePair,1402201f1,1,OK,1db,1426118a0,.data
TablePair,1402201f1,0,OK,1dc,142611920,.data
TablePair,1402201f1,1,OK,1de,142611a70,.data
TablePair,1402201f1,0,OK,1df,142611af0,.data
TablePair,1402201f1,1,OK,1e0,142611b90,.data
TablePair,1402201f1,0,OK,4da,142611c30,.data
TablePair,1402201f1,1,CODE,,141488c50,.text
TablePair,1402201f1,0,OK,4db,142611d00,.data
TablePair,1402201f1,1,CODE,,141488cc0,.text
TablePair,1402201f1,0,OK,4dc,142611dd0,.data
TablePair,1402201f1,1,CODE,,141488d10,.text
TablePair,1402201f1,0,PTR_UNMAPPED,,15,UNMAPPED
TablePair,1402201f1,1,BADFT,7466656c,141aca160,.rdata
TablePair,1402201f1,0,NULL,,,
TablePair,1402201f1,1,NULL,,,
TablePair,140220681,0,OK,1e1,142612c50,.data
TablePair,140220681,1,OK,1e2,142612cf0,.data
TablePair,140220681,0,OK,1e3,142612d90,.data
TablePair,140220681,1,OK,1e4,142612e30,.data
TablePair,140220681,0,OK,1e5,142612ed0,.data
TablePair,140220681,1,OK,1e6,142612f70,.data
TablePair,140220681,0,OK,1e7,142613010,.data
TablePair,140220681,1,OK,1e8,1426130b0,.data
TablePair,140220681,0,OK,1ea,1426131a0,.data
TablePair,140220681,1,OK,1eb,142613240,.data
TablePair,140220681,0,OK,1ec,142613290,.data
TablePair,140220681,1,OK,1ed,142613310,.data
TablePair,140220681,0,OK,1ee,142613390,.data
TablePair,140220681,1,OK,1ef,142613430,.data
TablePair,140220681,0,OK,1f0,1426134b0,.data
TablePair,140220681,1,OK,1f1,142613760,.data
TablePair,140220681,0,OK,4de,142612370,.data
TablePair,140220681,1,CODE,,14148fee0,.text
TablePair,140220681,0,OK,4df,142612410,.data
TablePair,140220681,1,CODE,,14148ff20,.text
TablePair,140220681,0,OK,4e0,142612490,.data
TablePair,140220681,1,CODE,,14148ff50,.text
TablePair,140220681,0,OK,4e1,142612530,.data
TablePair,140220681,1,CODE,,14148ff80,.text
TablePair,140220681,0,OK,4e2,1426125d0,.data
TablePair,140220681,1,CODE,,14148ffb0,.text
TablePair,140220681,0,OK,4e3,142612670,.data
TablePair,140220681,1,CODE,,141490160,.text
TablePair,140220681,0,OK,4e7,142612710,.data
TablePair,140220681,1,CODE,,14148ffe0,.text
TablePair,140220681,0,OK,4e8,142612790,.data
TablePair,140220681,1,CODE,,141490010,.text
TablePair,140222bfa,0,NOARGS,,,
Bidirectional,1401a7134,0,OK,1,1425a6260,.data
Bidirectional,1401a7134,1,OK,2,1425a62e0,.data
Bidirectional,1401a7134,0,OK,3,1425a6380,.data
Bidirectional,1401a7134,1,OK,4,1425a6420,.data
Bidirectional,1401a7134,0,OK,5,1425a64c0,.data
Bidirectional,1401a7134,1,OK,6,1425a6540,.data
Bidirectional,1401a7134,0,OK,a,1425a65c0,.data
Bidirectional,1401a7134,1,OK,b,1425a66e0,.data
Bidirectional,1401a7134,0,OK,c,1425a6760,.data
Bidirectional,1401a7134,1,OK,e,1425a6800,.data
Bidirectional,1401a7134,0,OK,f,1425a68d0,.data
Bidirectional,1401a7134,1,OK,22,1425a6950,.data
Bidirectional,1401a7134,0,OK,10,1425a69d0,.data
Bidirectional,1401a7134,1,OK,14,1425a6aa0,.data
Bidirectional,1401a7134,0,OK,15,1425a6b40,.data
Bidirectional,1401a7134,1,OK,16,1425a6c10,.data
Bidirectional,1401a7134,0,OK,17,1425a6cb0,.data
Bidirectional,1401a7134,1,OK,18,1425a6d80,.data
Bidirectional,1401a7134,0,OK,19,1425a6e50,.data
Bidirectional,1401a7134,1,OK,1a,1425a6ed0,.data
Bidirectional,1401a7134,0,OK,1d,1425a6f50,.data
Bidirectional,1401a7134,1,OK,1e,1425a70c0,.data
Bidirectional,1401a7134,0,OK,23,1425a7110,.data
Bidirectional,1401a7134,1,OK,24,1425a7160,.data
Bidirectional,1401a7134,0,OK,25,1425a7300,.data
Bidirectional,1401a7134,1,OK,26,1425a7230,.data
Bidirectional,1401a7134,0,OK,27,1425a7420,.data
Bidirectional,1401a7134,1,OK,28,1425a7830,.data
Bidirectional,1401a7134,0,OK,1,1425a7950,.data
Bidirectional,1401a7134,1,CODE,,1402401f0,.text
Bidirectional,1401a7134,0,OK,2,1425a79d0,.data
Bidirectional,1401a7134,1,CODE,,140240200,.text
Bidirectional,1401a7134,0,OK,3,1425a7a50,.data
Bidirectional,1401a7134,1,CODE,,140240250,.text
Bidirectional,1401a7134,0,OK,7,1425a7bc0,.data
Bidirectional,1401a7134,1,CODE,,1402402a0,.text
Bidirectional,1401a7134,0,OK,4,1425a7d30,.data
Bidirectional,1401a7134,1,CODE,,1402402f0,.text
Bidirectional,1401a7134,0,OK,a,1425a8240,.data
Bidirectional,1401a7134,1,CODE,,140240490,.text
Bidirectional,1401a7134,0,OK,8,1425a7e50,.data
Bidirectional,1401a7134,1,CODE,,140240350,.text
Bidirectional,1401a7134,0,OK,d,1425a82e0,.data
Bidirectional,1401a7134,1,CODE,,1402404c0,.text
Bidirectional,1401a7134,0,OK,10,1425a80d0,.data
Bidirectional,1401a7134,1,CODE,,1402404e0,.text
Bidirectional,1401a7134,0,OK,12,1425a8850,.data
Bidirectional,1401a7134,1,CODE,,140240550,.text
Bidirectional,1401a7134,0,OK,11,1425a86e0,.data
Bidirectional,1401a7134,1,CODE,,140240500,.text
Bidirectional,1401a7134,0,OK,1b,1425a8b50,.data
Bidirectional,1401a7134,1,CODE,,1402405a0,.text
Bidirectional,1401a7134,0,OK,14,1425a8360,.data
Bidirectional,1401a7134,1,CODE,,1402405c0,.text
Bidirectional,1401a7134,0,OK,1c,1425a84a0,.data
Bidirectional,1401a7134,1,CODE,,140240600,.text
Bidirectional,14021c3b1,0,OK,121,1425f1ac0,.data
Bidirectional,14021c3b1,1,NULL,,,
