ptr,ids,maxSize,defSize,fieldCount,fields,ok
14254d1c0,2ce,1028,66,10,"1,4,5,b,4,d,d,d,d,0",True
14254e6d0,1be,3,3,3,"1,2,0",True
14254e750,1bf,18,18,3,"1,b,0",True
14254e7d0,1c0,13,11,5,"1,4,4,2,0",True
14254e8a0,1c1,12,10,4,"1,4,4,0",True
14254e940,1c2,103,30,5,"1,4,b,d,0",True
14254ea10,1c3,103,30,5,"1,4,b,d,0",True
14254eae0,1c4,12,10,4,"1,4,4,0",True
14254eb80,1c5,12,10,4,"1,4,4,0",True
14254ec20,1c6,138,10,3,"1,e,0",True
14254eca0,1c7,154,26,4,"1,e,b,0",True
14254ed40,47b,15,14,4,"1,4,5,0",True
142577820,1fd,25,21,8,"1,4,4,4,2,3,4,0",True
142577960,1fe,17,14,5,"1,4,4,4,0",True
142577a30,1ff,27,22,7,"1,4,4,4,4,4,0",True
142577b50,200,12,10,4,"1,4,4,0",True
142577bf0,201,17,14,5,"1,4,4,4,0",True
142577cc0,202,7,6,3,"1,4,0",True
142577d40,4f5,12,10,4,"1,4,4,0",True
142577de0,4f6,246,47,12,"1,4,4,4,4,4,4,4,2,d,d,0",True
142578060,4f7,131,48,16,"1,4,4,4,11,4,4,2,4,4,2,4,2,2,2,0",True
1425782e0,4f8,27,22,7,"1,4,4,4,4,4,0",True
142578400,4f9,12,10,4,"1,4,4,0",True
1425784a0,4fa,7,6,3,"1,4,0",True
142578520,4fb,12,10,4,"1,4,4,0",True
1425785c0,4fc,17,14,5,"1,4,4,4,0",True
142578690,4fd,183,22,5,"1,4,d,d,0",True
142578760,4fe,17,14,5,"1,4,4,4,0",True
142578830,4ff,7,6,3,"1,4,0",True
1425788b0,500,14,12,6,"1,4,4,2,2,0",True
1425795c0,203,12,10,4,"1,4,4,0",True
142579660,204,7,6,3,"1,4,0",True
1425796e0,501,1306,27,7,"1,4,4,4,11,4,0",True
142579800,502,17,14,5,"1,4,4,4,0",True
1425798d0,503,12,10,4,"1,4,4,0",True
142579970,504,12,10,4,"1,4,4,0",True
142579cd0,513,12,10,3,"1,10,0",True
142579d50,515,17,14,5,"1,4,4,4,0",True
142579e20,516,2,2,2,"1,0",True
142579e70,517,8,7,4,"1,4,2,0",True
142579f10,518,15,14,4,"1,4,7,0",True
142579fb0,519,10,9,5,"1,2,3,4,0",True
14257a080,51a,7,6,3,"1,4,0",True
14257a100,51b,5,5,5,"1,2,2,2,0",True
14257a1d0,51c,8,7,4,"1,2,4,0",True
14257a270,51d,50,10,3,"1,10,0",True
14257a2f0,51e,8,7,4,"1,4,2,0",True
14257a390,51f,17,14,5,"1,4,4,4,0",True
14257a460,520,7,6,3,"1,4,0",True
14257a4e0,521,3,3,3,"1,2,0",True
14257a560,522,48,24,6,"1,3,3,11,11,0",True
14257a650,523,22,18,6,"1,4,4,4,4,0",True
14257a740,524,13,11,5,"1,2,4,4,0",True
14257a810,525,18,18,3,"1,b,0",True
14257a890,53b,15,14,4,"1,4,5,0",True
14257a930,526,52,50,7,"1,4,b,4,b,5,0",True
14257aa50,527,27,26,6,"1,b,4,3,3,0",True
14257ab40,528,191,11,3,"1,11,0",True
14257abc0,529,28,28,7,"1,2,2,5,5,5,0",True
14257ace0,205,7,6,3,"1,4,0",True
14257ad60,206,2,2,2,"1,0",True
14257adb0,207,4,4,3,"1,3,0",True
14257ae30,209,2,2,2,"1,0",True
14257ae80,20a,12,10,4,"1,4,4,0",True
14257af20,20b,39,38,5,"1,4,b,b,0",True
14257aff0,20c,18,18,3,"1,b,0",True
1425a6260,1,7,6,3,"1,4,0",True
1425a62e0,2,82,18,4,"1,d,d,0",True
1425a6380,3,31,14,4,"1,4,13,0",True
1425a6420,4,123,27,4,"1,14,b,0",True
1425a64c0,5,7,6,3,"1,4,0",True
1425a6540,6,3,3,3,"1,2,0",True
1425a65c0,a,147,54,7,"1,4,b,b,d,d,0",True
1425a66e0,b,7,6,3,"1,4,0",True
1425a6760,c,4113,16,4,"1,4,15,0",True
1425a6800,e,13,11,5,"1,4,4,2,0",True
1425a68d0,f,3,3,3,"1,2,0",True
1425a6950,22,7,6,3,"1,4,0",True
1425a69d0,10,17,14,5,"1,4,4,4,0",True
1425a6aa0,14,35,14,4,"1,4,d,0",True
1425a6b40,15,51,30,5,"1,4,b,d,0",True
1425a6c10,16,35,14,4,"1,4,d,0",True
1425a6cb0,17,556,23,5,"1,4,d,14,0",True
1425a6d80,18,63,22,5,"1,4,d,d,0",True
1425a6e50,19,7,6,3,"1,4,0",True
1425a6ed0,1a,7,6,3,"1,4,0",True
1425a6f50,1d,48,42,9,"1,4,4,4,4,4,4,b,0",True
1425a70c0,1e,2,2,2,"1,0",True
1425a7110,23,2,2,2,"1,0",True
1425a7160,24,52,18,5,"1,4,4,d,0",True
1425a7230,26,17,14,5,"1,4,4,4,0",True
1425a7300,25,167,38,7,"1,4,d,d,d,d,0",True
1425a7420,27,55,50,26,"1,4,4,4,4,4,6,6,6,2,2,2,2,2,2,2,2,2,2,2,2,2,2,2,2,0",True
1425a7830,28,27,22,7,"1,4,4,4,4,4,0",True
1425a7950,1,7,6,3,"1,4,0",True
1425a79d0,2,7,6,3,"1,4,0",True
1425a7a50,3,60,54,9,"1,4,4,c,4,4,4,4,0",True
1425a7bc0,7,37,30,9,"1,4,4,4,4,4,4,4,0",True
1425a7d30,4,27,22,7,"1,4,4,4,4,4,0",True
1425a7e50,8,1114,92,16,"1,4,b,b,4,4,4,4,4,4,4,2,13,11,13,0",True
1425a80d0,10,48,42,9,"1,4,b,4,4,4,4,4,0",True
1425a8240,a,4113,16,4,"1,4,15,0",True
1425a82e0,d,961,11,3,"1,11,0",True
1425a8360,14,55,50,8,"1,4,4,4,4,c,4,0",True
1425a84a0,1c,27,22,7,"1,4,4,4,4,4,0",True
1425a85c0,f,18,15,7,"1,3,2,2,2,13,0",True
1425a86e0,11,594,60,9,"1,4,b,4,5,5,d,15,0",True
1425a8850,12,594,60,9,"1,4,b,4,5,5,d,15,0",True
1425a89c0,17,2,2,2,"1,0",True
1425a8a10,19,22,18,6,"1,4,4,4,4,0",True
1425a8b00,18,2,2,2,"1,0",True
1425a8b50,1b,1016,15,4,"1,4,11,0",True
1425a8bf0,1a,7,6,3,"1,4,0",True
1425a8c70,1d,7,6,3,"1,4,0",True
1425a8cf0,1e,462,12,4,"1,2,11,0",True
1425a8fa0,1,2,2,2,"1,0",True
1425a8ff0,2,7,6,3,"1,4,0",True
1425a9070,1,22,18,6,"1,4,4,4,4,0",True
1425a9160,2,148,18,5,"1,4,4,d,0",True
1425a9230,4f4,27,22,7,"1,4,4,4,4,4,0",True
1425a9350,3,2,2,2,"1,0",True
1425a93a0,4,7,6,3,"1,4,0",True
1425a9420,5,18,18,8,"1,6,3,6,3,3,3,0",True
1425a9cd0,3,10,9,5,"1,3,4,2,0",True
1425a9da0,1f,10,9,5,"1,3,4,2,0",True
1425a9e70,20,353,30,8,"1,3,4,2,4,14,f,0",True
1425a9fb0,4,89,17,6,"1,3,4,2,f,0",True
1425aa0a0,21,89,17,6,"1,3,4,2,f,0",True
1425aa190,5,14,12,5,"1,3,4,4,0",True
1425aa260,6,276,24,8,"1,3,4,2,4,14,3,0",True
1425aa3a0,22,276,24,8,"1,3,4,2,4,14,3,0",True
1425aa4e0,7,362,38,11,"1,3,4,2,4,14,f,3,3,4,0",True
1425aa6a0,23,362,38,11,"1,3,4,2,4,14,f,3,3,4,0",True
1425aa860,8,10,9,5,"1,3,4,2,0",True
1425aa930,24,10,9,5,"1,3,4,2,0",True
1425aaa00,25,348,62,17,"1,3,4,2,4,14,2,4,2,2,2,a,3,3,10,6,0",True
1425aacb0,26,302,48,12,"1,3,4,2,4,14,2,4,2,6,a,0",True
1425ab060,28,682,114,21,"1,3,4,2,4,14,2,4,2,3,f,9,4,f,f,f,f,f,d,f,0",True
1425ab3b0,29,10,9,5,"1,3,4,2,0",True
1425ab480,2a,274,22,7,"1,3,4,2,4,14,0",True
1425ab5a0,32,9,8,4,"1,3,4,0",True
1425ab640,33,10,9,5,"1,3,4,2,0",True
1425ab710,9,353,30,8,"1,3,4,2,4,14,f,0",True
1425ab850,34,353,30,8,"1,3,4,2,4,14,f,0",True
1425ab990,35,358,35,10,"1,3,4,2,4,14,f,6,2,0",True
1425abb20,36,369,46,10,"1,3,4,2,4,14,f,8,6,0",True
1425abcb0,37,386,63,13,"1,3,4,2,4,14,f,8,8,6,6,2,0",True
1425abec0,a,369,46,10,"1,3,4,2,4,14,f,8,6,0",True
1425ac050,38,369,46,10,"1,3,4,2,4,14,f,8,6,0",True
1425ac280,b,420,62,11,"1,3,4,2,4,14,f,8,8,f,0",True
1425ac440,39,420,62,11,"1,3,4,2,4,14,f,8,8,f,0",True
1425ac600,3a,337,44,11,"1,3,4,2,4,14,f,4,3,f,0",True
1425ac7c0,3b,1667,48,10,"1,3,4,2,4,14,f,11,11,0",True
1425ac950,3c,346,91,13,"1,3,4,2,4,14,a,9,a,9,4,2,0",True
1425acb60,d,282,30,10,"1,3,4,2,4,14,6,3,3,0",True
1425accf0,3e,282,30,10,"1,3,4,2,4,14,6,3,3,0",True
1425ace80,e,280,28,10,"1,3,4,2,4,14,3,3,3,0",True
1425ad010,3f,280,28,10,"1,3,4,2,4,14,3,3,3,0",True
1425ad1a0,f,296,43,11,"1,3,4,2,4,14,a,3,3,2,0",True
1425ad360,42,296,43,11,"1,3,4,2,4,14,a,3,3,2,0",True
1425ad520,43,394,69,14,"1,3,4,2,4,14,f,a,8,4,6,3,2,0",True
1425ad750,44,293,40,9,"1,3,4,2,4,14,a,3,0",True
1425ad8c0,45,345,90,12,"1,3,4,2,4,14,a,9,a,9,4,0",True
1425adaa0,40,28,26,7,"1,3,4,2,a,2,0",True
1425adbc0,41,304,50,12,"1,3,4,2,4,14,a,3,3,6,4,0",True
1425adda0,3d,87,82,12,"1,3,4,2,a,9,a,9,2,4,4,0",True
1425adf80,46,12,12,4,"1,3,5,0",True
1425ae020,10,15,14,7,"1,3,4,2,2,6,0",True
1425ae140,47,15,14,7,"1,3,4,2,2,6,0",True
1425ae260,11,4,4,3,"1,3,0",True
1425ae2e0,48,4,4,3,"1,3,0",True
1425ae360,12,32,29,9,"1,4,4,8,4,2,2,2,0",True
1425ae4d0,13,36,33,10,"1,4,4,8,4,2,2,2,6,0",True
1425ae660,4c,10,9,5,"1,3,4,2,0",True
1425ae730,4d,12,11,7,"1,3,4,2,2,2,0",True
1425ae850,14,282,30,9,"1,3,4,2,4,14,6,6,0",True
1425ae9c0,4f,282,30,9,"1,3,4,2,4,14,6,6,0",True
1425aeb30,50,290,38,8,"1,3,4,2,4,14,9,0",True
1425aec70,15,15,13,6,"1,3,4,2,4,0",True
1425aed60,4e,15,13,6,"1,3,4,2,4,0",True
1425aee50,51,282,30,8,"1,3,4,2,4,14,5,0",True
1425aef90,16,15,13,6,"1,3,4,2,4,0",True
1425af080,52,16,15,8,"1,3,4,2,6,2,2,0",True
1425af1c0,53,9,8,4,"1,3,4,0",True
1425af260,17,274,22,7,"1,3,4,2,4,14,0",True
1425af380,54,274,22,7,"1,3,4,2,4,14,0",True
1425af4a0,18,305,52,10,"1,3,4,a,8,3,2,4,14,0",True
1425af630,55,305,52,10,"1,3,4,a,8,3,2,4,14,0",True
1425af7c0,19,27,25,6,"1,3,4,2,a,0",True
1425af8b0,56,27,25,6,"1,3,4,2,a,0",True
1425af9a0,1a,65,63,11,"1,3,4,2,9,4,9,9,2,2,0",True
1425afb60,57,65,63,11,"1,3,4,2,9,4,9,9,2,2,0",True
1425afd20,58,30,25,9,"1,3,4,2,4,4,4,4,0",True
1425afe90,2b,10,9,5,"1,3,4,2,0",True
1425aff60,2c,10,9,5,"1,3,4,2,0",True
1425b0030,2d,10,9,5,"1,3,4,2,0",True
1425b0100,2e,33,31,10,"1,3,4,2,2,2,a,3,3,0",True
1425b0290,2f,67,64,12,"1,3,4,2,a,a,3,8,6,6,2,0",True
1425b0470,30,10,9,5,"1,3,4,2,0",True
1425b0540,31,10,9,5,"1,3,4,2,0",True
1425b0ba0,2ec,843,11,3,"1,11,0",True
1425b0c20,2eb,2,2,2,"1,0",True
1425b1150,13,13,11,5,"1,2,4,4,0",True
1425b1220,11,62,12,3,"1,12,0",True
1425b12a0,14,22,18,6,"1,4,4,4,4,0",True
1425b1390,12,8,7,4,"1,4,2,0",True
1425b1430,16,3,3,3,"1,2,0",True
1425b3bb0,1cf,12,10,4,"1,4,4,0",True
1425b3cd0,4d2,843,11,3,"1,11,0",True
1425b4bc0,59,8,7,4,"1,2,4,0",True
1425b4c60,5a,39,38,5,"1,b,4,b,0",True
1425b4d30,5b,4107,27,4,"1,b,11,0",True
1425b4dd0,1b,7,6,3,"1,4,0",True
1425b59e0,152,58,23,7,"1,4,2,d,4,4,0",True
1425b5b00,153,13,11,5,"1,4,4,2,0",True
1425b5bd0,154,12,10,4,"1,4,4,0",True
1425b5c70,156,9,8,4,"1,4,3,0",True
1425b5d10,157,22,18,6,"1,4,4,4,4,0",True
1425b5e00,158,2,2,2,"1,0",True
1425b5e50,159,8,7,4,"1,4,2,0",True
1425b5ef0,15a,2,2,2,"1,0",True
1425b5f40,15b,7,6,3,"1,4,0",True
1425b5fc0,15c,3,3,3,"1,2,0",True
1425b6040,15e,43,11,3,"1,11,0",True
1425b60c0,15f,15,14,7,"1,4,3,3,3,3,0",True
1425b61e0,160,12,10,4,"1,4,4,0",True
1425b6280,161,7,6,3,"1,4,0",True
1425b6300,1c,3,3,3,"1,2,0",True
1425b6380,162,177,16,4,"1,4,12,0",True
1425b6420,1e,4,4,3,"1,3,0",True
1425b64a0,164,12,10,4,"1,4,4,0",True
1425b6540,1f,18,18,3,"1,b,0",True
1425b65c0,165,25,22,6,"1,4,7,4,4,0",True
1425b66b0,20,8,7,4,"1,4,2,0",True
1425b6750,166,2062,20,6,"1,4,2,11,4,0",True
1425b6840,21,12,10,4,"1,4,4,0",True
1425b68e0,167,15,14,4,"1,7,4,0",True
1425b6980,22,3,3,3,"1,2,0",True
1425b6a00,168,6,6,3,"1,6,0",True
1425b6a80,23,2,2,2,"1,0",True
1425b6ad0,169,10,10,4,"1,6,6,0",True
1425b6b70,24,2,2,2,"1,0",True
1425b6bc0,16a,10,10,4,"1,6,6,0",True
1425b6c60,25,2,2,2,"1,0",True
1425b6cb0,26,2,2,2,"1,0",True
1425b6d00,16b,1295,19,5,"1,6,4,11,0",True
1425b6dd0,16c,7,6,3,"1,4,0",True
1425b6e50,27,39,14,6,"1,2,2,2,11,0",True
1425b6f40,163,9,8,4,"1,4,3,0",True
1425b6fe0,28,8,8,5,"1,6,2,2,0",True
1425b70b0,16e,3,3,3,"1,2,0",True
1425b7130,29,7,7,4,"1,6,2,0",True
1425b71d0,170,3,3,3,"1,2,0",True
1425b7250,32,18,18,3,"1,b,0",True
1425b72d0,171,3,3,3,"1,2,0",True
1425b7350,2a,2,2,2,"1,0",True
1425b73a0,172,3,3,3,"1,2,0",True
1425b7420,2b,447,45,8,"1,2,10,10,10,11,11,0",True
1425b7560,173,8,7,4,"1,4,2,0",True
1425b7600,2c,4,4,4,"1,2,2,0",True
1425b76a0,16f,4,4,3,"1,3,0",True
1425b7720,2f,3,3,3,"1,2,0",True
1425b77a0,176,3,3,3,"1,2,0",True
1425b7820,2d,44,12,5,"1,2,2,d,0",True
1425b78f0,174,4,4,3,"1,3,0",True
1425b7970,31,2,2,2,"1,0",True
1425b79c0,175,1292,12,3,"1,12,0",True
1425b7a40,177,7,6,3,"1,4,0",True
1425b7ac0,30,449,47,10,"1,2,2,2,10,10,10,11,11,0",True
1425b7c50,179,9,8,5,"1,4,2,2,0",True
1425b7df0,17a,8,7,4,"1,4,2,0",True
1425b7e90,7b,1572,12,5,"1,2,10,2,0",True
1425b7f60,181,7,6,3,"1,4,0",True
1425b7fe0,7c,3,3,3,"1,2,0",True
1425b8060,17b,8,7,4,"1,4,2,0",True
1425b8100,7d,4,4,4,"1,2,2,0",True
1425b81a0,17c,7,6,3,"1,4,0",True
1425b8220,7e,43,11,4,"1,2,d,0",True
1425b82c0,17d,143,14,4,"1,4,d,0",True
1425b8360,7f,3,3,3,"1,2,0",True
1425b83e0,17e,7,6,3,"1,4,0",True
1425b8460,80,3,3,3,"1,2,0",True
1425b84e0,17f,12,10,4,"1,4,4,0",True
1425b8580,72,13,11,5,"1,4,2,4,0",True
1425b8650,180,28,26,5,"1,4,4,b,0",True
1425b8720,73,3,3,3,"1,2,0",True
1425b8840,74,4,4,4,"1,2,2,0",True
1425b8a00,76,5,5,5,"1,2,2,2,0",True
1425b8ad0,75,5,5,5,"1,2,2,2,0",True
1425b8ba0,178,213,32,7,"1,4,d,3,f,f,0",True
1425b8cc0,77,8,7,4,"1,4,2,0",True
1425b8d60,182,15,14,4,"1,4,5,0",True
1425b8e00,78,2,2,2,"1,0",True
1425b8e50,183,143,14,4,"1,4,d,0",True
1425b8ef0,79,43,11,4,"1,2,d,0",True
1425b8f90,7a,3,3,3,"1,2,0",True
1425b9010,184,20,18,8,"1,4,3,3,3,3,4,0",True
1425b9150,34,12,11,6,"1,3,3,4,2,0",True
1425b9240,35,10,10,7,"1,3,3,2,3,2,0",True
1425b9360,185,12,10,4,"1,4,4,0",True
1425b9400,187,4,4,3,"1,3,0",True
1425b9480,38,1027,27,5,"1,2,b,d,0",True
1425b9550,188,2577,16,4,"1,4,12,0",True
1425b95f0,39,1016,15,5,"1,2,4,d,0",True
1425b96c0,186,10,9,5,"1,4,3,2,0",True
1425b9790,3a,1853,47,9,"1,2,d,d,d,d,4,d,0",True
1425b9900,189,19,18,4,"1,4,8,0",True
1425b99a0,3b,1115,51,7,"1,2,b,b,d,d,0",True
1425b9ac0,18a,7,6,3,"1,4,0",True
1425b9b40,3d,60,14,4,"1,4,10,0",True
1425b9be0,18b,11,10,5,"1,4,3,3,0",True
1425b9cb0,3e,7,6,3,"1,4,0",True
1425b9d30,3f,2,2,2,"1,0",True
1425b9d80,18c,17,14,5,"1,4,4,4,0",True
1425b9e50,18d,12,10,4,"1,4,4,0",True
1425b9ef0,40,13,11,5,"1,4,4,2,0",True
1425b9fc0,18e,7,6,3,"1,4,0",True
1425ba040,41,4,4,3,"1,3,0",True
1425ba0c0,42,3,3,3,"1,2,0",True
1425ba140,18f,12,10,4,"1,4,4,0",True
1425ba1e0,44,2,2,2,"1,0",True
1425ba230,190,7,6,3,"1,4,0",True
1425ba2b0,45,3,3,3,"1,2,0",True
1425ba330,191,109,106,16,"1,4,6,6,6,6,6,8,8,8,8,8,8,4,4,0",True
1425ba5b0,46,3,3,3,"1,2,0",True
1425ba630,47,3,3,3,"1,2,0",True
1425ba6b0,192,12,10,4,"1,4,4,0",True
1425ba750,193,7,6,3,"1,4,0",True
1425ba7d0,48,131,29,7,"1,2,4,4,11,11,0",True
1425ba8f0,194,47,14,4,"1,4,d,0",True
1425ba990,81,7,6,3,"1,4,0",True
1425baa10,195,87,22,5,"1,4,d,d,0",True
1425baae0,82,24,22,4,"1,4,a,0",True
1425bab80,247,8,7,4,"1,4,2,0",True
1425bac20,83,7,6,3,"1,4,0",True
1425baca0,249,8,7,4,"1,4,2,0",True
1425bad40,84,7,6,3,"1,4,0",True
1425badc0,85,7,6,3,"1,4,0",True
1425bae40,24b,9,8,5,"1,4,2,2,0",True
1425baf10,86,7,6,3,"1,4,0",True
1425baf90,24c,24,22,4,"1,4,a,0",True
1425bb030,4d,8,7,4,"1,4,2,0",True
1425bb0d0,24f,8,7,4,"1,4,2,0",True
1425bb170,4e,2,2,2,"1,0",True
1425bb1c0,253,24,23,8,"1,4,6,6,6,6,2,0",True
1425bb300,33,2,2,2,"1,0",True
1425bb350,254,5,5,4,"1,3,2,0",True
1425bb3f0,4f,35,14,4,"1,10,4,0",True
1425bb490,196,16,15,8,"1,4,2,3,3,3,3,0",True
1425bb5d0,49,19,19,4,"1,b,2,0",True
1425bb670,197,7,6,3,"1,4,0",True
1425bb6f0,4a,4,4,3,"1,3,0",True
1425bb770,198,10,9,5,"1,4,2,3,0",True
1425bb840,4b,10,10,6,"1,3,3,3,3,0",True
1425bb930,199,7,6,3,"1,4,0",True
1425bb9b0,50,8,7,4,"1,4,2,0",True
1425bba50,19a,176,15,4,"1,4,11,0",True
1425bbaf0,51,12,10,4,"1,4,4,0",True
1425bbb90,19b,4,4,3,"1,3,0",True
1425bbc10,52,12,10,4,"1,4,4,0",True
1425bbcb0,19c,8,7,4,"1,4,2,0",True
1425bbd50,53,4,4,4,"1,2,2,0",True
1425bbdf0,98,28,26,6,"1,4,5,5,4,0",True
1425bbee0,54,12,10,4,"1,4,4,0",True
1425bbf80,99,31,30,6,"1,4,5,5,5,0",True
1425bc070,55,14,12,6,"1,4,2,2,4,0",True
1425bc160,56,7,6,3,"1,4,0",True
1425bc1e0,9a,27,26,6,"1,4,5,5,6,0",True
1425bc2d0,57,7,6,3,"1,4,0",True
1425bc350,9b,15,14,4,"1,4,5,0",True
1425bc3f0,58,8,7,4,"1,4,2,0",True
1425bc490,19d,13,11,5,"1,4,2,4,0",True
1425bc560,59,8,7,4,"1,4,2,0",True
1425bc600,19f,3,3,3,"1,2,0",True
1425bc680,5a,12,10,4,"1,4,4,0",True
1425bc720,1a0,161,30,7,"1,4,4,d,4,5,0",True
1425bc840,5b,8,7,4,"1,4,2,0",True
1425bc8e0,5c,8,7,4,"1,4,2,0",True
1425bc980,5d,14,12,5,"1,4,4,3,0",True
1425bca50,1a1,438,24,5,"1,4,11,11,0",True
1425bcb20,5e,3,3,3,"1,2,0",True
1425bcba0,1a3,18,10,3,"1,d,0",True
1425bcc20,5f,12,10,4,"1,4,4,0",True
1425bccc0,1a4,2,2,2,"1,0",True
1425bcd10,60,7,6,3,"1,4,0",True
1425bcd90,1a7,7,6,3,"1,4,0",True
1425bce10,61,8,7,4,"1,4,2,0",True
1425bceb0,1a8,7,6,3,"1,4,0",True
1425bcf30,62,12,10,4,"1,4,4,0",True
1425bcfd0,1a5,20,20,8,"1,2,2,6,6,6,6,0",True
1425bd110,63,17,14,5,"1,4,4,4,0",True
1425bd1e0,1a6,15,15,4,"1,8,2,0",True
1425bd280,1a9,3,3,3,"1,2,0",True
1425bd3a0,64,1031,11,3,"1,11,0",True
1425bd420,1aa,12,10,4,"1,4,4,0",True
1425bd4c0,1ab,68,34,6,"1,4,d,b,4,0",True
1425bd5b0,65,7,6,3,"1,4,0",True
1425bd630,66,2,2,2,"1,0",True
1425bd680,1ac,22,18,6,"1,4,4,4,4,0",True
1425bd770,67,4,4,3,"1,3,0",True
1425bd7f0,1ad,7,6,3,"1,4,0",True
1425bd870,68,7,6,3,"1,4,0",True
1425bd8f0,1ae,2,2,2,"1,0",True
1425bd940,69,7,6,3,"1,4,0",True
1425bd9c0,1af,24,22,4,"1,4,a,0",True
1425bda60,6a,7,6,3,"1,4,0",True
1425bdae0,1b0,7,6,3,"1,4,0",True
1425bdb60,6b,13,11,5,"1,4,2,4,0",True
1425bdc30,1b1,7,6,3,"1,4,0",True
1425bdcb0,6c,12,10,4,"1,4,4,0",True
1425bdd50,1b2,7,6,3,"1,4,0",True
1425bddd0,1b3,3,3,3,"1,2,0",True
1425bde50,6d,22,18,6,"1,4,4,4,4,0",True
1425bdf40,1b4,4,4,4,"1,2,2,0",True
1425bdfe0,6e,17,14,5,"1,4,4,4,0",True
1425be0b0,1b5,218,26,5,"1,d,d,d,0",True
1425be180,6f,8,7,4,"1,4,2,0",True
1425be220,1b7,23,22,4,"1,4,b,0",True
1425be2c0,70,7,6,3,"1,4,0",True
1425be340,1b8,8,7,4,"1,4,2,0",True
1425be3e0,71,12,10,4,"1,4,4,0",True
1425be480,1b9,23,22,4,"1,4,b,0",True
1425be520,1ba,12,10,4,"1,4,4,0",True
1425be5c0,87,7,6,3,"1,4,0",True
1425be640,1bb,17,14,5,"1,4,4,4,0",True
1425be710,1bc,12,10,4,"1,4,4,0",True
1425be7b0,88,15,14,7,"1,3,3,3,3,4,0",True
1425be8d0,89,3,3,3,"1,2,0",True
1425be950,1bd,13,11,5,"1,4,4,2,0",True
1425bea20,8a,10,9,5,"1,2,4,3,0",True
1425beaf0,1be,23,22,4,"1,4,b,0",True
1425beb90,8b,2,2,2,"1,0",True
1425bebe0,1bf,3,3,3,"1,2,0",True
1425bec60,8d,7,6,3,"1,4,0",True
1425bece0,1c0,3,3,3,"1,2,0",True
1425bed60,8c,3,3,3,"1,2,0",True
1425bede0,1c1,3,3,3,"1,2,0",True
1425bee60,8e,8,7,4,"1,2,4,0",True
1425bef00,1c2,47,14,4,"1,4,d,0",True
1425befa0,8f,43,11,4,"1,2,d,0",True
1425bf040,1c3,3,3,3,"1,2,0",True
1425bf0c0,90,7,6,3,"1,4,0",True
1425bf140,1c4,3,3,3,"1,2,0",True
1425bf1c0,91,2,2,2,"1,0",True
1425bf210,1c5,3,3,3,"1,2,0",True
1425bf290,92,2,2,2,"1,0",True
1425bf2e0,93,2,2,2,"1,0",True
1425bf330,1c6,13,11,5,"1,4,4,2,0",True
1425bf400,1c7,30,25,9,"1,4,4,4,4,4,3,2,0",True
1425bf570,94,7,6,3,"1,4,0",True
1425bf5f0,1c9,8,7,4,"1,4,2,0",True
1425bf690,95,2,2,2,"1,0",True
1425bf6e0,1cc,2,2,2,"1,0",True
1425bf730,1cb,17,14,5,"1,4,4,4,0",True
1425bf800,96,7,6,3,"1,4,0",True
1425bf880,1c8,12,10,4,"1,4,4,0",True
1425bf920,1ca,8,7,4,"1,4,2,0",True
1425bf9c0,97,15,14,7,"1,3,3,3,3,4,0",True
1425bfae0,1ce,12,10,4,"1,4,4,0",True
1425bfb80,98,4,4,3,"1,3,0",True
1425bfc00,1cf,12,10,4,"1,4,4,0",True
1425bfca0,1d0,8,7,4,"1,4,2,0",True
1425bfd40,1d1,2,2,2,"1,0",True
1425bfd90,99,20,18,5,"1,4,7,4,0",True
1425bfe60,1d2,15,14,4,"1,4,7,0",True
1425bff00,9a,2057,16,5,"1,2,11,4,0",True
1425bffd0,1d3,8076,12,3,"1,15,0",True
1425c0050,9b,2,2,2,"1,0",True
1425c00a0,1d4,9,8,5,"1,4,2,2,0",True
1425c0170,a0,7,6,3,"1,4,0",True
1425c01f0,a1,2,2,2,"1,0",True
1425c0240,1d9,22,18,6,"1,4,4,4,4,0",True
1425c0330,a2,3,3,3,"1,2,0",True
1425c03b0,1da,7,6,3,"1,4,0",True
1425c0430,a3,3,3,3,"1,2,0",True
1425c04b0,1db,17,14,5,"1,4,4,4,0",True
1425c0580,a4,3,3,3,"1,2,0",True
1425c0600,1dc,12,10,4,"1,4,4,0",True
1425c06a0,1d5,19,18,6,"1,4,6,6,6,0",True
1425c0790,1d6,7,6,3,"1,4,0",True
1425c0810,a5,15,14,7,"1,3,3,3,3,4,0",True
1425c0930,1d7,19,18,6,"1,4,6,6,6,0",True
1425c0a20,a6,4,4,3,"1,3,0",True
1425c0aa0,1d8,12,10,4,"1,4,4,0",True
1425c0b40,a7,14,14,3,"1,8,0",True
1425c0bc0,a8,2,2,2,"1,0",True
1425c0c10,1dd,21,20,8,"1,4,6,6,6,2,2,0",True
1425c0d50,a9,47,14,4,"1,4,d,0",True
1425c0df0,1de,7,6,3,"1,4,0",True
1425c0e70,aa,2,2,2,"1,0",True
1425c0ec0,1df,27,26,8,"1,4,6,6,6,6,6,0",True
1425c1000,ab,12,10,4,"1,4,4,0",True
1425c10a0,1e0,9,8,5,"1,4,2,2,0",True
1425c1170,ac,12,10,4,"1,4,4,0",True
1425c1210,1e1,9,8,5,"1,4,2,2,0",True
1425c12e0,ad,4,4,3,"1,3,0",True
1425c1360,1e2,7,6,3,"1,4,0",True
1425c13e0,ae,10,10,6,"1,3,3,3,3,0",True
1425c14d0,1e3,9,8,5,"1,4,2,2,0",True
1425c15a0,af,3,3,3,"1,2,0",True
1425c1620,1e4,17,16,7,"1,4,6,6,2,2,0",True
1425c1740,b0,13,11,5,"1,4,2,4,0",True
1425c1810,1e5,7,6,3,"1,4,0",True
1425c1890,b1,2,2,2,"1,0",True
1425c18e0,1e6,15,14,5,"1,4,6,6,0",True
1425c19b0,b2,31,30,5,"1,4,8,8,0",True
1425c1a80,1e7,9,8,5,"1,4,2,2,0",True
1425c1b50,b3,7,6,3,"1,4,0",True
1425c1bd0,b4,7,6,3,"1,4,0",True
1425c1c50,b5,7,6,3,"1,4,0",True
1425c1cd0,b6,35,14,4,"1,4,10,0",True
1425c1d70,1e8,24,22,7,"1,4,6,6,6,4,0",True
1425c1e90,b7,2,2,2,"1,0",True
1425c1ee0,1e9,7,6,3,"1,4,0",True
1425c1f60,b8,3,3,3,"1,2,0",True
1425c1fe0,1ea,10,9,6,"1,4,2,2,2,0",True
1425c20d0,ba,3,3,3,"1,2,0",True
1425c2150,1eb,12,10,4,"1,4,4,0",True
1425c21f0,bb,28,26,5,"1,4,a,6,0",True
1425c22c0,1ec,19,18,6,"1,4,6,6,6,0",True
1425c23b0,bc,23,22,4,"1,b,4,0",True
1425c2450,1ed,29,24,5,"1,4,11,11,0",True
1425c2520,bd,3,3,3,"1,2,0",True
1425c25a0,1ee,7,6,3,"1,4,0",True
1425c2620,be,11,11,4,"1,7,2,0",True
1425c26c0,1ef,24,20,6,"1,4,4,2,11,0",True
1425c27b0,bf,8076,12,3,"1,15,0",True
1425c2830,1f0,19,18,6,"1,4,6,6,6,0",True
1425c2920,c0,5,5,5,"1,2,2,2,0",True
1425c29f0,1f1,12,10,4,"1,4,4,0",True
1425c2a90,1f2,21,20,8,"1,4,6,6,6,2,2,0",True
1425c2bd0,c1,7,6,3,"1,4,0",True
1425c2c50,1f3,7,6,3,"1,4,0",True
1425c2cd0,c2,7,6,3,"1,4,0",True
1425c2d50,1f4,19,18,6,"1,4,6,6,6,0",True
1425c2e40,c3,7,6,3,"1,4,0",True
1425c2ec0,1f6,9,8,5,"1,4,2,2,0",True
1425c2f90,c4,7,6,3,"1,4,0",True
1425c3010,1f5,15,14,5,"1,4,6,6,0",True
1425c30e0,1f7,8,7,4,"1,4,2,0",True
1425c3180,1f8,17,14,5,"1,4,4,4,0",True
1425c3250,c5,7,6,3,"1,4,0",True
1425c32d0,1f9,7,6,3,"1,4,0",True
1425c3350,1fa,13,11,5,"1,4,4,2,0",True
1425c3420,c6,7,6,3,"1,4,0",True
1425c34a0,1fb,17,14,5,"1,4,4,4,0",True
1425c3570,c7,8,7,4,"1,2,4,0",True
1425c3610,1fd,9,8,4,"1,4,3,0",True
1425c36b0,c8,3,3,3,"1,2,0",True
1425c3730,1fe,1291,15,4,"1,4,11,0",True
1425c37d0,c9,18,18,3,"1,b,0",True
1425c3850,1ff,36,15,4,"1,4,11,0",True
1425c38f0,ca,8,7,4,"1,4,2,0",True
1425c3990,200,12,10,4,"1,4,4,0",True
1425c3a30,cd,7,6,3,"1,4,0",True
1425c3ab0,201,12,10,4,"1,4,4,0",True
1425c3b50,ce,2,2,2,"1,0",True
1425c3ba0,202,12,10,4,"1,4,4,0",True
1425c3c40,cf,3,3,3,"1,2,0",True
1425c3cc0,cb,8,7,4,"1,4,2,0",True
1425c3d60,d0,7,6,3,"1,4,0",True
1425c3de0,203,13,11,5,"1,4,4,2,0",True
1425c3eb0,d1,23,22,4,"1,4,b,0",True
1425c3f50,d2,2,2,2,"1,0",True
1425c3fa0,204,66,39,11,"1,4,4,4,2,4,4,4,10,4,0",True
1425c4160,d3,7,6,3,"1,4,0",True
1425c41e0,205,7,6,3,"1,4,0",True
1425c4260,d4,7,6,3,"1,4,0",True
1425c42e0,207,18,15,6,"1,4,4,4,2,0",True
1425c43d0,d5,7,6,3,"1,4,0",True
1425c4450,206,12,10,4,"1,4,4,0",True
1425c44f0,d6,12,10,4,"1,4,4,0",True
1425c4590,208,75,14,4,"1,4,10,0",True
1425c4630,d8,7,6,3,"1,4,0",True
1425c46b0,209,2,2,2,"1,0",True
1425c4700,d9,8,7,4,"1,4,2,0",True
1425c47a0,20a,13,11,5,"1,4,2,4,0",True
1425c4870,da,9,8,5,"1,4,2,2,0",True
1425c4940,20b,7,6,3,"1,4,0",True
1425c49c0,db,8,7,4,"1,4,2,0",True
1425c4a60,20c,52,12,3,"1,12,0",True
1425c4ae0,dc,7,6,3,"1,4,0",True
1425c4b60,20d,7,6,3,"1,4,0",True
1425c4be0,dd,12,10,4,"1,4,4,0",True
1425c4c80,224,12,10,4,"1,4,4,0",True
1425c4d20,de,9,8,5,"1,4,2,2,0",True
1425c4df0,20e,12,10,4,"1,4,4,0",True
1425c4e90,df,7,6,3,"1,4,0",True
1425c4f10,20f,13,11,5,"1,4,4,2,0",True
1425c4fe0,e0,7,6,3,"1,4,0",True
1425c5060,210,7,6,3,"1,4,0",True
1425c50e0,e1,7,6,3,"1,4,0",True
1425c5160,211,41,38,5,"1,4,a,a,0",True
1425c5230,1d0,2,2,2,"1,0",True
1425c5280,212,12,10,4,"1,4,4,0",True
1425c5320,1d1,23,22,4,"1,b,4,0",True
1425c53c0,213,13,11,5,"1,4,2,4,0",True
1425c5490,1d2,23,22,4,"1,b,4,0",True
1425c5530,1d3,7,6,3,"1,4,0",True
1425c55b0,214,12,10,4,"1,4,4,0",True
1425c56d0,215,7,6,3,"1,4,0",True
1425c5750,1d4,34,15,4,"1,11,4,0",True
1425c57f0,216,12,10,4,"1,4,4,0",True
1425c5890,1d5,25,21,8,"1,4,4,3,4,2,4,0",True
1425c59d0,217,144,15,4,"1,4,11,0",True
1425c5a70,1d6,2,2,2,"1,0",True
1425c5ac0,218,144,15,4,"1,4,11,0",True
1425c5b60,e2,7,6,3,"1,4,0",True
1425c5be0,219,8,7,4,"1,4,2,0",True
1425c5c80,e3,7,6,3,"1,4,0",True
1425c5d00,21a,7,6,3,"1,4,0",True
1425c5d80,e6,8,7,4,"1,4,2,0",True
1425c5e20,21b,2,2,2,"1,0",True
1425c5e70,e7,9,8,5,"1,4,2,2,0",True
1425c5f40,21c,4,4,3,"1,3,0",True
1425c5fc0,e8,7,6,3,"1,4,0",True
1425c6040,21d,7,6,3,"1,4,0",True
1425c60c0,e9,18,15,6,"1,4,4,4,2,0",True
1425c61b0,21e,12,10,4,"1,4,4,0",True
1425c6250,ea,272,16,6,"1,4,2,2,d,0",True
1425c6340,21f,13,11,5,"1,4,4,2,0",True
1425c6410,eb,7,6,3,"1,4,0",True
1425c6490,220,18,15,6,"1,4,4,2,4,0",True
1425c6580,221,17,14,5,"1,4,4,4,0",True
1425c6650,ec,2,2,2,"1,0",True
1425c66a0,222,12,10,4,"1,4,4,0",True
1425c6740,ed,7,6,3,"1,4,0",True
1425c67c0,ee,4,4,3,"1,3,0",True
1425c6840,223,12,10,4,"1,4,4,0",True
1425c68e0,ef,4,4,3,"1,3,0",True
1425c6960,225,7,6,3,"1,4,0",True
1425c69e0,f0,3,3,3,"1,2,0",True
1425c6a60,226,7,6,3,"1,4,0",True
1425c6ae0,f1,12,10,4,"1,4,4,0",True
1425c6b80,227,18,15,6,"1,4,4,2,4,0",True
1425c6c70,f2,8,7,4,"1,4,2,0",True
1425c6d10,228,3,3,3,"1,2,0",True
1425c6d90,f3,7,6,3,"1,4,0",True
1425c6e10,229,7,6,3,"1,4,0",True
1425c6e90,f4,8,7,4,"1,4,2,0",True
1425c6f30,22a,7,6,3,"1,4,0",True
1425c6fb0,f6,2,2,2,"1,0",True
1425c7000,22b,12,10,4,"1,4,4,0",True
1425c70a0,f5,4,4,4,"1,2,2,0",True
1425c71c0,f7,7,6,3,"1,4,0",True
1425c7290,f8,4,4,3,"1,3,0",True
1425c73e0,f9,12,10,4,"1,4,4,0",True
1425c74d0,fa,7702,22,4,"1,12,12,0",True
1425c75c0,fb,3,3,3,"1,2,0",True
1425c7690,fc,3,3,3,"1,2,0",True
1425c7760,fd,3,3,3,"1,2,0",True
1425c7830,fe,3,3,3,"1,2,0",True
1425c78b0,117,77,16,5,"1,11,2,4,0",True
1425c7980,ff,3,3,3,"1,2,0",True
1425c7a00,118,6046,25,5,"1,4,12,11,0",True
1425c7ad0,100,8,7,4,"1,4,2,0",True
1425c7b70,5c,3,3,3,"1,2,0",True
1425c7bf0,5d,8,7,4,"1,4,2,0",True
1425c7d30,5e,3,3,3,"1,2,0",True
1425c7e00,5f,12,10,4,"1,4,4,0",True
1425c7fc0,62,2311,15,4,"1,4,11,0",True
1425c80b0,60,4,4,3,"1,3,0",True
1425c8200,61,22,18,6,"1,4,4,4,4,0",True
1425c8390,63,17,16,5,"1,4,3,5,0",True
1425c84e0,64,7,6,3,"1,4,0",True
1425c85b0,65,17,14,5,"1,4,4,4,0",True
1425c8700,66,3,3,3,"1,2,0",True
1425c87d0,67,7,6,3,"1,4,0",True
1425c88d0,6c,4,4,4,"1,2,2,0",True
1425c8a60,6d,5,5,4,"1,3,2,0",True
1425c8b00,6e,2,2,2,"1,0",True
1425c8b50,6a,40,10,3,"1,10,0",True
1425c8bd0,22c,7481,198,28,"1,4,2,4,11,11,11,f,f,f,f,f,f,f,f,f,f,f,f,f,f,f,f,f,f,f,f,0",True
1425c9030,68,7,6,3,"1,4,0",True
1425c90b0,22d,7,7,4,"1,2,6,0",True
1425c9150,69,4,4,3,"1,3,0",True
1425c91d0,22e,5622,12,3,"1,12,0",True
1425c9250,6b,7,6,3,"1,4,0",True
1425c9370,70,7,6,3,"1,4,0",True
1425c93f0,71,7,6,3,"1,4,0",True
1425c9470,22f,45,16,5,"1,4,2,11,0",True
1425c9540,6f,3,3,3,"1,2,0",True
1425c95c0,230,8,7,4,"1,4,2,0",True
1425c9660,72,9,8,5,"1,4,2,2,0",True
1425c9730,232,7,6,3,"1,4,0",True
1425c97b0,233,16,14,5,"1,6,4,4,0",True
1425c9880,73,1325,31,6,"1,4,10,10,11,0",True
1425c9970,234,9,8,5,"1,2,4,2,0",True
1425c9a40,74,27,22,7,"1,4,4,4,4,4,0",True
1425c9b60,235,47,22,5,"1,4,10,10,0",True
1425c9c30,75,7,6,3,"1,4,0",True
1425c9cb0,76,7,6,3,"1,4,0",True
1425c9d30,238,13,11,5,"1,4,4,2,0",True
1425c9e00,239,9,8,5,"1,4,2,2,0",True
1425c9ed0,77,30,26,12,"1,4,3,2,3,4,4,4,2,2,2,0",True
1425ca0b0,236,13,11,5,"1,4,4,2,0",True
1425ca180,79,152,24,5,"1,3,8,d,0",True
1425ca250,237,18,15,6,"1,4,4,2,4,0",True
1425ca340,18,2,2,2,"1,0",True
1425ca390,23a,7,6,3,"1,4,0",True
1425ca410,19,3,3,3,"1,2,0",True
1425ca490,23b,8,7,4,"1,4,2,0",True
1425ca530,1a,7,6,3,"1,4,0",True
1425ca5b0,1b,2,2,2,"1,0",True
1425ca600,23c,6,6,5,"1,3,2,2,0",True
1425ca6d0,1c,7,6,3,"1,4,0",True
1425ca750,23d,3,3,3,"1,2,0",True
1425ca7d0,1d,8,7,4,"1,2,4,0",True
1425ca870,9f,9,8,4,"1,4,3,0",True
1425ca910,1e,12,10,4,"1,4,4,0",True
1425ca9b0,24d,20,18,5,"1,4,4,5,0",True
1425caa80,95,15,14,4,"1,4,5,0",True
1425cab20,78,7,6,3,"1,4,0",True
1425caba0,96,15,14,4,"1,4,5,0",True
1425cac40,23f,47,46,7,"1,4,8,8,8,6,0",True
1425cad60,97,12,10,4,"1,4,4,0",True
1425cae00,240,8,7,4,"1,4,2,0",True
1425caea0,9c,12,10,4,"1,4,4,0",True
1425caf40,241,23,20,7,"1,4,3,4,6,4,0",True
1425cb060,15d,12,10,4,"1,4,4,0",True
1425cb100,242,3,3,3,"1,2,0",True
1425cb180,a8,8,7,4,"1,4,2,0",True
1425cb220,243,8,7,4,"1,4,2,0",True
1425cb2c0,a9,8,7,4,"1,4,2,0",True
1425cb360,244,8,7,4,"1,4,2,0",True
1425cb400,9e,3,3,3,"1,2,0",True
1425cb480,245,23,22,4,"1,4,b,0",True
1425cb520,a2,44,12,5,"1,2,2,d,0",True
1425cb5f0,246,9,8,4,"1,4,3,0",True
1425cb690,a1,4,4,4,"1,2,2,0",True
1425cb730,248,8,7,4,"1,4,2,0",True
1425cb7d0,a3,489,55,11,"1,2,2,2,10,10,10,11,11,d,0",True
1425cb990,24e,30,28,7,"1,b,4,4,2,2,0",True
1425cbab0,a5,27,11,4,"1,2,10,0",True
1425cbb50,250,8,7,4,"1,4,2,0",True
1425cbbf0,a4,5,5,5,"1,2,2,2,0",True
1425cbcc0,251,12,10,4,"1,4,4,0",True
1425cbd60,e7,3,3,3,"1,2,0",True
1425cbde0,252,11,10,4,"1,4,6,0",True
1425cbe80,e8,43,11,4,"1,2,d,0",True
1425cbf20,255,3,3,3,"1,2,0",True
1425cbfa0,256,7,6,3,"1,4,0",True
1425cc0c0,257,7,6,3,"1,4,0",True
1425cc140,e9,969,19,5,"1,2,d,10,0",True
1425cc210,258,2,2,2,"1,0",True
1425cc260,ea,3,3,3,"1,2,0",True
1425cc2e0,eb,11,10,6,"1,2,2,3,4,0",True
1425cc3d0,ec,10,9,6,"1,2,2,2,4,0",True
1425cc4c0,259,7,6,3,"1,4,0",True
1425cc540,ed,5,5,5,"1,2,2,2,0",True
1425cc610,25a,2,2,2,"1,0",True
1425cc660,ee,3,3,3,"1,2,0",True
1425cc6e0,25c,23,22,4,"1,b,4,0",True
1425cc780,ef,4,4,4,"1,2,2,0",True
1425cc820,25b,17,14,5,"1,4,4,4,0",True
1425cc8f0,f0,3,3,3,"1,2,0",True
1425cc970,25d,12,10,4,"1,4,4,0",True
1425cca10,f1,3,3,3,"1,2,0",True
1425cca90,25e,7,6,3,"1,4,0",True
1425ccb10,f2,3,3,3,"1,2,0",True
1425ccb90,25f,14,12,5,"1,4,4,3,0",True
1425ccc60,138,3,3,3,"1,2,0",True
1425ccce0,260,336,15,4,"1,4,11,0",True
1425ccd80,139,43,11,4,"1,2,d,0",True
1425cce20,261,12,10,4,"1,4,4,0",True
1425ccf90,262,13,11,5,"1,4,4,2,0",True
1425cd060,13c,1054,39,9,"1,2,10,4,4,4,10,d,0",True
1425cd1d0,263,17,14,5,"1,4,4,4,0",True
1425cd2a0,13a,3,3,3,"1,2,0",True
1425cd320,264,14,12,6,"1,4,2,2,4,0",True
1425cd410,13b,3,3,3,"1,2,0",True
1425cd490,265,13,11,5,"1,4,2,4,0",True
1425cd560,141,8,7,4,"1,2,4,0",True
1425cd600,266,7,6,3,"1,4,0",True
1425cd680,142,8,7,4,"1,2,4,0",True
1425cd720,267,7,6,3,"1,4,0",True
1425cd7a0,143,8,7,4,"1,2,4,0",True
1425cd840,268,13,11,5,"1,4,4,2,0",True
1425cd910,144,9,8,5,"1,2,4,2,0",True
1425cd9e0,269,9,8,5,"1,4,2,2,0",True
1425cdab0,13d,9,8,5,"1,2,2,4,0",True
1425cdb80,26a,7,6,3,"1,4,0",True
1425cdc00,13e,9,8,5,"1,2,2,4,0",True
1425cdcd0,26b,7,6,3,"1,4,0",True
1425cdd50,13f,10,9,6,"1,2,2,4,2,0",True
1425cde40,26c,7,6,3,"1,4,0",True
1425cdec0,26d,8,7,4,"1,4,2,0",True
1425cdf60,140,10,9,6,"1,2,2,4,2,0",True
1425ce050,a6,2,2,2,"1,0",True
1425ce0a0,26e,8,7,4,"1,4,2,0",True
1425ce140,a7,3,3,3,"1,2,0",True
1425ce1c0,26f,12,10,4,"1,4,4,0",True
1425ce260,aa,7,6,3,"1,4,0",True
1425ce2e0,270,12,10,4,"1,4,4,0",True
1425ce380,ab,8,7,4,"1,4,2,0",True
1425ce420,271,12,10,4,"1,4,4,0",True
1425ce4c0,272,17,14,5,"1,4,4,4,0",True
1425ce700,273,11,10,4,"1,4,6,0",True
1425ce7a0,111,4272,44,11,"1,4,6,6,4,4,d,4,2,11,0",True
1425ce960,274,13,11,5,"1,4,4,2,0",True
1425cea30,110,123,24,8,"1,4,d,4,4,2,2,0",True
1425ceb70,276,25,21,8,"1,4,4,2,4,4,3,0",True
1425cecb0,7a,13,11,5,"1,4,4,2,0",True
1425ced80,277,14,12,6,"1,4,4,2,2,0",True
1425cee70,7b,81,42,8,"1,4,8,10,10,4,4,0",True
1425cefb0,278,19,16,7,"1,4,2,2,4,4,0",True
1425cf0d0,7c,53,51,11,"1,4,4,8,8,6,6,6,6,2,0",True
1425cf290,279,12,10,4,"1,4,4,0",True
1425cf330,7d,7,6,3,"1,4,0",True
1425cf3b0,27a,4,4,3,"1,3,0",True
1425cf430,27b,2577,16,4,"1,4,12,0",True
1425cf4d0,7e,16,14,8,"1,4,4,2,2,2,2,0",True
1425cf610,506,8,7,4,"1,4,2,0",True
1425cf6b0,7f,17,14,5,"1,4,4,4,0",True
1425cf780,507,8,7,4,"1,4,2,0",True
1425cf820,80,8,7,4,"1,4,2,0",True
1425cf8c0,508,216,15,4,"1,4,11,0",True
1425cf960,81,8,7,4,"1,4,2,0",True
1425cfa00,509,18,18,3,"1,b,0",True
1425cfa80,82,7,6,3,"1,4,0",True
1425cfb00,50a,19,19,4,"1,b,2,0",True
1425cfba0,83,49,22,8,"1,4,4,2,2,2,11,0",True
1425cfce0,50b,2,2,2,"1,0",True
1425cfd30,84,13,12,6,"1,4,6,2,2,0",True
1425cfe20,50c,15,14,7,"1,4,3,3,3,3,0",True
1425cff40,85,12,11,5,"1,4,6,2,0",True
1425d0010,50d,27,23,9,"1,4,3,3,4,4,4,2,0",True
1425d0180,86,12,10,4,"1,4,4,0",True
1425d0220,50e,12,10,4,"1,4,4,0",True
1425d02c0,87,7,6,3,"1,4,0",True
1425d0340,50f,2,2,2,"1,0",True
1425d0390,88,7,6,3,"1,4,0",True
1425d0410,510,2,2,2,"1,0",True
1425d0460,89,7,6,3,"1,4,0",True
1425d04e0,511,7,6,3,"1,4,0",True
1425d0560,8a,7,6,3,"1,4,0",True
1425d05e0,8b,7,6,3,"1,4,0",True
1425d0660,512,308,45,11,"1,4,4,4,b,3,3,3,2,d,0",True
1425d0820,8c,12,10,4,"1,4,4,0",True
1425d08c0,27c,8,7,4,"1,4,2,0",True
1425d0960,8d,12,10,4,"1,4,4,0",True
1425d0a00,27d,2,2,2,"1,0",True
1425d0a50,8e,7,6,3,"1,4,0",True
1425d0ad0,27e,7,6,3,"1,4,0",True
1425d0b50,8f,12,10,4,"1,4,4,0",True
1425d0bf0,27f,7,6,3,"1,4,0",True
1425d0c70,92,23,22,5,"1,5,5,4,0",True
1425d0d40,280,13,11,5,"1,4,4,2,0",True
1425d0e10,94,26,26,5,"1,5,5,5,0",True
1425d0ee0,281,14,12,6,"1,4,4,2,2,0",True
1425d0fd0,93,22,22,5,"1,5,5,6,0",True
1425d10a0,282,84,23,6,"1,4,10,10,2,0",True
1425d1230,283,9,8,5,"1,4,2,2,0",True
1425d1300,90,114,23,6,"1,4,4,4,11,0",True
1425d13f0,284,8,7,4,"1,4,2,0",True
1425d1530,285,148,18,5,"1,4,4,d,0",True
1425d1600,9d,17,15,6,"1,4,6,2,4,0",True
1425d16f0,287,1293,17,6,"1,4,2,2,11,0",True
1425d17e0,ac,25,22,8,"1,4,4,4,3,3,6,0",True
1425d1920,286,19,16,6,"1,4,4,3,4,0",True
1425d1a10,ad,17,14,5,"1,4,4,4,0",True
1425d1ae0,28a,12,10,4,"1,4,4,0",True
1425d1b80,ae,8,8,5,"1,3,3,3,0",True
1425d1c50,28b,13,11,5,"1,4,4,2,0",True
1425d1d20,28c,7,6,3,"1,4,0",True
1425d1da0,af,1207,23,5,"1,3,11,12,0",True
1425d1e70,28d,7,6,3,"1,4,0",True
1425d1ef0,b3,8,7,4,"1,4,2,0",True
1425d1f90,288,1291,15,4,"1,4,11,0",True
1425d2030,b4,8,7,4,"1,4,2,0",True
1425d20d0,289,7,6,3,"1,4,0",True
1425d2150,b0,41,31,6,"1,4,a,d,2,0",True
1425d2240,28e,19,16,6,"1,4,4,4,3,0",True
1425d2330,b1,2,2,2,"1,0",True
1425d2380,28f,9,8,4,"1,4,3,0",True
1425d2420,b2,11,10,4,"1,4,6,0",True
1425d24c0,290,9,8,4,"1,4,3,0",True
1425d2560,b7,63,17,7,"1,4,10,2,2,2,0",True
1425d2680,291,460,41,9,"1,4,4,4,11,d,d,3,0",True
1425d2890,292,17,14,5,"1,4,4,4,0",True
1425d2960,b6,160,41,12,"1,4,10,2,2,2,4,10,6,6,6,0",True
1425d2b40,293,31,30,4,"1,a,8,0",True
1425d2be0,b8,7,6,3,"1,4,0",True
1425d2c60,294,2,2,2,"1,0",True
1425d2cb0,b9,60,14,4,"1,4,10,0",True
1425d2d50,295,7,6,3,"1,4,0",True
1425d2dd0,ba,11,10,4,"1,4,6,0",True
1425d2e70,296,1286,11,3,"1,11,0",True
1425d2ef0,bb,10,9,5,"1,4,2,3,0",True
1425d2fc0,297,40,14,4,"1,4,10,0",True
1425d3060,bc,8,7,4,"1,4,2,0",True
1425d3100,2a4,7,6,3,"1,4,0",True
1425d3180,298,8,7,4,"1,4,2,0",True
1425d3220,bd,12,11,6,"1,4,2,3,3,0",True
1425d3310,299,8,7,4,"1,4,2,0",True
1425d33b0,be,8,7,4,"1,4,2,0",True
1425d3450,29a,4,4,3,"1,3,0",True
1425d34d0,bf,18,15,6,"1,4,4,4,2,0",True
1425d35c0,29b,2577,16,4,"1,4,12,0",True
1425d3660,c0,19,18,6,"1,4,6,6,6,0",True
1425d3750,29c,8,7,4,"1,4,2,0",True
1425d37f0,c1,8,7,4,"1,4,2,0",True
1425d3890,29d,12,10,4,"1,4,4,0",True
1425d3930,c2,9,8,4,"1,4,3,0",True
1425d39d0,29e,8,7,4,"1,4,2,0",True
1425d3a70,c3,7,6,3,"1,4,0",True
1425d3af0,29f,13,11,5,"1,4,4,2,0",True
1425d3bc0,c4,336,15,4,"1,4,11,0",True
1425d3c60,2a0,9,8,4,"1,4,3,0",True
1425d3d00,c5,9,8,4,"1,4,3,0",True
1425d3da0,2a1,12,10,4,"1,4,4,0",True
1425d3e40,c6,685,24,5,"1,4,11,11,0",True
1425d3f10,2a2,7,6,3,"1,4,0",True
1425d3f90,c7,9,8,4,"1,4,3,0",True
1425d4100,c8,18,15,6,"1,4,2,4,4,0",True
1425d4290,c9,7,6,3,"1,4,0",True
1425d4310,2a3,7949,41,8,"1,4,11,11,11,4,4,0",True
1425d4450,ca,4,4,3,"1,3,0",True
1425d44d0,2a5,12,10,4,"1,4,4,0",True
1425d4570,cb,12,10,4,"1,4,4,0",True
1425d4610,cc,8,7,4,"1,4,2,0",True
1425d46b0,2a6,1819,33,6,"1,4,11,11,11,0",True
1425d47a0,cd,8,7,4,"1,4,2,0",True
1425d4840,2a7,12,10,4,"1,4,4,0",True
1425d48e0,ce,8,7,4,"1,4,2,0",True
1425d4980,2a8,7,6,3,"1,4,0",True
1425d4a00,cf,4,4,3,"1,3,0",True
1425d4a80,2a9,12,10,4,"1,4,4,0",True
1425d4b20,d0,1286,11,3,"1,11,0",True
1425d4ba0,2aa,57,16,5,"1,4,11,2,0",True
1425d4c70,d1,4,4,3,"1,3,0",True
1425d4cf0,2ab,12,10,4,"1,4,4,0",True
1425d4d90,d2,12,10,4,"1,4,4,0",True
1425d4e30,2ac,12,10,4,"1,4,4,0",True
1425d4ed0,d3,7,6,3,"1,4,0",True
1425d4f50,2ad,1291,15,4,"1,4,11,0",True
1425d4ff0,d4,7,6,3,"1,4,0",True
1425d5070,2ae,18,15,6,"1,4,4,2,4,0",True
1425d5160,d5,7,6,3,"1,4,0",True
1425d51e0,2af,1297,20,6,"1,4,4,2,11,0",True
1425d52d0,d6,12,11,5,"1,4,6,2,0",True
1425d53a0,2b0,12,10,4,"1,4,4,0",True
1425d5440,d7,12,11,5,"1,4,6,2,0",True
1425d5510,2b1,2,2,2,"1,0",True
1425d5560,f3,19,19,4,"1,b,2,0",True
1425d5600,2b3,7,6,3,"1,4,0",True
1425d5680,f4,17,14,5,"1,4,4,4,0",True
1425d5750,2b4,7,6,3,"1,4,0",True
1425d57d0,d8,27,22,7,"1,4,4,4,4,4,0",True
1425d58f0,2b7,2,2,2,"1,0",True
1425d5940,d9,7,6,3,"1,4,0",True
1425d59c0,2b8,2,2,2,"1,0",True
1425d5a10,da,12,10,4,"1,4,4,0",True
1425d5ab0,2ba,2,2,2,"1,0",True
1425d5b00,db,17,14,5,"1,4,4,4,0",True
1425d5bd0,2bb,5,5,4,"1,3,2,0",True
1425d5c70,dc,12,10,4,"1,4,4,0",True
1425d5d10,2bc,5,5,4,"1,3,2,0",True
1425d5db0,dd,16,14,5,"1,4,4,6,0",True
1425d5e80,2bd,3,3,3,"1,2,0",True
1425d5f00,2be,3,3,3,"1,2,0",True
1425d5f80,de,20,18,6,"1,4,4,6,6,0",True
1425d6070,2bf,3,3,3,"1,2,0",True
1425d60f0,df,33,31,10,"1,4,4,6,6,6,6,6,2,0",True
1425d6280,2c0,3,3,3,"1,2,0",True
1425d6300,e0,12,10,4,"1,4,4,0",True
1425d63a0,2c1,3,3,3,"1,2,0",True
1425d6590,e1,2561,11,3,"1,11,0",True
1425d6610,2c2,7213,71,11,"1,b,8,8,6,6,6,4,4,11,0",True
1425d67d0,e2,138,35,10,"1,2,4,4,4,2,11,11,2,0",True
1425d6960,2c3,2,2,2,"1,0",True
1425d69b0,e3,3,3,3,"1,2,0",True
1425d6a30,2c4,19,19,4,"1,b,2,0",True
1425d6ad0,e4,3,3,3,"1,2,0",True
1425d6b50,2c5,19,16,6,"1,4,4,4,3,0",True
1425d6c40,e5,3,3,3,"1,2,0",True
1425d6cc0,2c6,18,16,7,"1,4,4,3,3,3,0",True
1425d6de0,e6,5,5,5,"1,2,2,2,0",True
1425d6eb0,2c7,13,11,5,"1,4,4,2,0",True
1425d6f80,f5,8,7,4,"1,4,2,0",True
1425d70f0,f6,9,8,4,"1,4,3,0",True
1425d7190,f7,15,14,7,"1,4,3,3,3,3,0",True
1425d72b0,2c8,2327,28,8,"1,4,2,4,4,4,11,0",True
1425d73f0,f8,4,4,3,"1,3,0",True
1425d7470,2c9,1296,19,5,"1,4,4,11,0",True
1425d7540,f9,2577,16,4,"1,4,12,0",True
1425d75e0,2ca,7,6,3,"1,4,0",True
1425d7660,fa,29,28,6,"1,4,3,6,b,0",True
1425d7750,fb,11,10,4,"1,4,6,0",True
1425d77f0,fd,12,10,4,"1,4,4,0",True
1425d7890,fe,28,25,9,"1,4,6,6,3,2,4,4,0",True
1425d7a00,ff,32,31,10,"1,4,2,6,6,6,6,6,6,0",True
1425d7b90,100,15,14,5,"1,4,6,6,0",True
1425d7c60,101,7,6,3,"1,4,0",True
1425d7ce0,102,27,26,8,"1,4,6,6,6,6,6,0",True
1425d7e20,103,11,10,4,"1,4,6,0",True
1425d7ec0,104,37,30,9,"1,4,4,4,4,4,4,4,0",True
1425d8030,105,2,2,2,"1,0",True
1425d8080,106,11,10,4,"1,6,4,0",True
1425d8120,107,7,7,4,"1,6,2,0",True
1425d81c0,108,8,7,4,"1,4,2,0",True
1425d8260,109,7,6,3,"1,4,0",True
1425d82e0,10a,2,2,2,"1,0",True
1425d8330,10d,3,3,3,"1,2,0",True
1425d83b0,10b,1286,11,3,"1,11,0",True
1425d8430,10c,2,2,2,"1,0",True
1425d8480,10e,7,6,3,"1,4,0",True
1425d8500,112,3,3,3,"1,2,0",True
1425d8580,113,18,15,6,"1,4,4,2,4,0",True
1425d8670,114,7,6,3,"1,4,0",True
1425d86f0,115,14,12,6,"1,4,4,2,2,0",True
1425d87e0,116,13,11,5,"1,4,4,2,0",True
1425d88b0,119,7,6,3,"1,4,0",True
1425d8930,11a,7,6,3,"1,4,0",True
1425d89b0,11b,7,6,3,"1,4,0",True
1425d8a30,11c,12,10,4,"1,4,4,0",True
1425d8ad0,11d,67,16,5,"1,4,2,11,0",True
1425d8ba0,11e,2,2,2,"1,0",True
1425d8bf0,11f,13,11,5,"1,4,4,2,0",True
1425d8cc0,120,18,15,6,"1,4,4,2,4,0",True
1425d8db0,124,8,7,4,"1,4,2,0",True
1425d8e50,125,8,7,4,"1,4,2,0",True
1425d8ef0,121,12,11,5,"1,4,6,2,0",True
1425d8fc0,122,12,11,5,"1,4,6,2,0",True
1425d9090,123,10,9,5,"1,4,2,3,0",True
1425d9160,126,12,10,4,"1,4,4,0",True
1425d9200,127,12,10,4,"1,4,4,0",True
1425d92a0,128,8,7,4,"1,4,2,0",True
1425d9340,129,8,7,4,"1,4,2,0",True
1425d93e0,12a,8,7,4,"1,4,2,0",True
1425d9480,12b,17,14,5,"1,4,4,4,0",True
1425d9550,12c,8,7,4,"1,4,2,0",True
1425d95f0,12d,36,15,4,"1,4,11,0",True
1425d9690,12e,9,8,5,"1,4,2,2,0",True
1425d9760,12f,12,10,4,"1,4,4,0",True
1425d9800,130,12,10,4,"1,4,4,0",True
1425d98a0,131,8,7,4,"1,4,2,0",True
1425d9940,132,1296,19,5,"1,4,4,11,0",True
1425d9a10,133,17,14,5,"1,4,4,4,0",True
1425d9ae0,134,17,14,5,"1,4,4,4,0",True
1425d9bb0,135,12,10,4,"1,4,4,0",True
1425d9c50,136,18,15,6,"1,4,4,2,4,0",True
1425d9d40,137,12,10,4,"1,4,4,0",True
1425d9de0,145,20,10,3,"1,10,0",True
1425d9e60,146,8,7,4,"1,2,4,0",True
1425d9f00,147,20,18,8,"1,4,3,3,3,3,4,0",True
1425da040,148,12,10,4,"1,4,4,0",True
1425da0e0,149,7,6,3,"1,4,0",True
1425da160,14a,2577,16,4,"1,4,12,0",True
1425da200,14b,178,17,6,"1,4,2,2,11,0",True
1425da2f0,14c,7,6,3,"1,4,0",True
1425da370,14d,7,6,3,"1,4,0",True
1425da3f0,14f,2,2,2,"1,0",True
1425da440,14e,9,8,5,"1,4,2,2,0",True
1425da510,155,12,10,4,"1,4,4,0",True
1425da5b0,150,13,11,5,"1,4,2,4,0",True
1425da680,151,12,10,4,"1,4,4,0",True
1425dad60,105,215,14,4,"1,4,d,0",True
1425dae00,106,217,16,6,"1,d,2,4,2,0",True
1425daef0,104,232,31,6,"1,d,b,4,2,0",True
1425dafe0,107,231,30,5,"1,d,b,4,0",True
1425db0b0,2cb,7,6,3,"1,4,0",True
1425db130,2cc,266,10,3,"1,d,0",True
1425db1b0,2cd,111,37,9,"1,2,2,d,b,4,4,2,0",True
1425db320,2cf,18,18,3,"1,b,0",True
1425db7d0,2d0,12,10,4,"1,4,4,0",True
1425db870,2d2,13,11,5,"1,4,4,2,0",True
1425db940,2d1,7,6,3,"1,4,0",True
1425db9c0,108,3,3,3,"1,2,0",True
1425dbb50,101,18,18,3,"1,b,0",True
1425dbbd0,102,24,23,5,"1,b,4,2,0",True
1425dbca0,103,29,27,6,"1,b,4,4,2,0",True
1425dbd90,2d3,28,26,5,"1,b,4,4,0",True
1425dbe60,2d4,39,38,5,"1,b,b,4,0",True
1425dbf30,2d5,18,18,3,"1,b,0",True
1425dbfb0,2d6,18,18,3,"1,b,0",True
1425dc030,2d7,12,10,4,"1,4,4,0",True
1425dc0d0,2d8,23,22,4,"1,b,4,0",True
1425dc170,2da,79,30,5,"1,b,4,10,0",True
1425dc240,2db,24,23,5,"1,b,4,2,0",True
1425dc310,2dc,18,18,3,"1,b,0",True
1425dc390,2dd,23,22,4,"1,b,4,0",True
1425dc430,2d9,29,27,6,"1,b,4,4,2,0",True
1425dc610,2de,17,14,5,"1,4,4,4,0",True
1425dc6e0,2df,29,24,9,"1,4,4,4,4,4,2,2,0",True
1425dc850,2e0,17,14,5,"1,4,4,4,0",True
1425dc920,2e1,17,14,5,"1,4,4,4,0",True
1425dc9f0,2e2,17,14,5,"1,4,4,4,0",True
1425dcac0,2e3,17,14,5,"1,4,4,4,0",True
1425dcc10,2e4,2316,19,5,"1,4,4,11,0",True
1425dcce0,2e5,12,10,4,"1,4,4,0",True
1425dd1b0,10a,216,15,5,"1,4,2,d,0",True
1425dd280,10b,216,15,5,"1,2,d,4,0",True
1425dd350,116,7,6,3,"1,4,0",True
1425dd3d0,2e6,475,19,5,"1,2,d,d,0",True
1425dd4a0,2e7,267,11,4,"1,2,d,0",True
1425dd540,301,15,14,4,"1,4,5,0",True
1425dd5e0,2e8,267,11,4,"1,2,d,0",True
1425dd680,2e9,268,12,4,"1,3,d,0",True
1425dd720,2ea,210,10,3,"1,d,0",True
1425ebc80,10d,25,21,8,"1,4,4,4,4,3,2,0",True
1425ebdc0,10c,8,7,4,"1,4,2,0",True
1425ebe60,10e,23,19,7,"1,4,4,4,4,2,0",True
1425ebf80,10f,34,30,6,"1,4,4,4,a,0",True
1425ec070,2ee,13,11,5,"1,4,4,2,0",True
1425ec140,2ef,7,6,3,"1,4,0",True
1425ec1c0,110,17,14,5,"1,4,4,4,0",True
1425ec290,2f0,17,14,5,"1,4,4,4,0",True
1425ec360,111,45,42,8,"1,4,4,4,6,8,8,0",True
1425ec4a0,2f1,45,42,8,"1,4,4,4,6,8,8,0",True
1425ec5e0,112,10,9,5,"1,4,3,2,0",True
1425ec6b0,2f2,10,9,5,"1,4,3,2,0",True
1425ec780,113,18,15,6,"1,4,4,4,2,0",True
1425ec870,2f3,19,18,4,"1,4,8,0",True
1425eca90,114,12,10,4,"1,4,4,0",True
1425ecb30,115,7,6,3,"1,4,0",True
1425ecbb0,2f4,558,39,11,"1,4,4,4,4,4,4,4,2,d,0",True
1425ecd70,2f5,548,31,9,"1,4,4,4,4,4,2,d,0",True
1425ecee0,2f6,90,23,7,"1,4,4,4,2,d,0",True
1425ed000,2f7,557,38,10,"1,4,4,4,4,4,4,d,4,0",True
1425ed190,2f8,781,68,17,"1,4,4,4,6,2,4,4,4,4,2,4,4,d,d,d,0",True
1425ed440,2f9,12,10,4,"1,4,4,0",True
1425ed4e0,2fa,7,6,3,"1,4,0",True
1425ed560,2fb,22,18,6,"1,4,4,4,4,0",True
1425ed650,2fc,17,14,5,"1,4,4,4,0",True
1425edcc0,117,489,86,24,"1,2,2,4,3,d,4,d,3,4,4,4,3,4,3,3,3,3,3,2,2,b,d,0",True
1425ee080,118,283,27,5,"1,2,b,d,0",True
1425ee150,119,193,32,6,"1,4,11,b,2,0",True
1425ee240,11a,1034,10,3,"1,d,0",True
1425ee2c0,11c,162,34,6,"1,d,d,d,d,0",True
1425ee3b0,11d,50,46,25,"1,4,4,4,4,6,6,6,2,2,2,2,2,2,2,2,2,2,2,2,2,2,2,2,0",True
1425ee7a0,11e,22,18,6,"1,4,4,4,4,0",True
1425ee890,11b,38,34,7,"1,4,b,4,4,4,0",True
1425ee9b0,11f,297,40,7,"1,b,3,d,5,4,0",True
1425eead0,302,49,22,6,"1,4,4,4,10,0",True
1425eebc0,303,57,22,6,"1,4,4,4,10,0",True
1425eecb0,304,45,22,6,"1,4,4,4,10,0",True
1425eeda0,306,30,26,7,"1,4,4,4,7,4,0",True
1425eeec0,307,34,34,6,"1,7,7,7,7,0",True
1425eefb0,308,41,22,6,"1,4,4,4,10,0",True
1425ef0a0,309,73,22,6,"1,4,4,4,10,0",True
1425ef190,30a,7,6,3,"1,4,0",True
1425ef210,305,6438,36,7,"1,8,6,4,4,12,0",True
1425ef330,30b,1056,30,5,"1,a,d,4,0",True
1425ef400,30c,1039,14,4,"1,d,4,0",True
1425ef4a0,30d,7,6,3,"1,4,0",True
1425f00c0,2fd,7,6,3,"1,4,0",True
1425f0140,2fe,6238,29,9,"1,11,4,2,2,2,11,3,0",True
1425f02b0,2ff,7,6,3,"1,4,0",True
1425f0330,300,23,22,4,"1,a,6,0",True
1425f03d0,120,8,7,4,"1,4,2,0",True
1425f0880,30e,1782,11,3,"1,11,0",True
1425f0900,30f,1762,12,3,"1,12,0",True
1425f0db0,312,8,7,4,"1,4,2,0",True
1425f0e50,313,1286,11,3,"1,11,0",True
1425f0ed0,314,1286,11,3,"1,11,0",True
1425f0f50,315,77,57,13,"1,4,2,3,4,4,6,6,f,f,8,4,0",True
1425f1160,316,20,19,8,"1,4,3,3,6,2,6,0",True
1425f1510,317,19,18,5,"1,4,5,6,0",True
1425f15e0,318,8,7,4,"1,4,2,0",True
1425f1680,319,21,19,6,"1,4,5,4,2,0",True
1425f1770,31a,11,11,4,"1,5,2,0",True
1425f1810,31b,24,22,6,"1,5,6,4,4,0",True
1425f1900,31c,11,11,4,"1,5,2,0",True
1425f19a0,31d,16,15,5,"1,5,4,2,0",True
1425f1ac0,121,2,2,2,"1,0",True
1425f1b10,310,3,3,3,"1,2,0",True
1425f1b90,311,551,38,7,"1,4,d,d,d,d,0",True
1425f1cb0,31e,12,10,4,"1,4,4,0",True
1425f1d50,31f,7,6,3,"1,4,0",True
1425f1dd0,320,13,11,5,"1,4,4,2,0",True
1425f1fa0,321,152,30,8,"1,4,4,11,11,2,2,0",True
1425f20e0,322,9,8,5,"1,4,2,2,0",True
1425f21b0,323,7,6,3,"1,4,0",True
1425f2230,324,7,6,3,"1,4,0",True
1425f22b0,325,292,33,9,"1,4,d,d,2,3,4,4,0",True
1425f2420,326,7,6,3,"1,4,0",True
1425f24a0,327,7,6,3,"1,4,0",True
1425f2520,328,8,7,4,"1,4,2,0",True
1425f25c0,329,7,6,3,"1,4,0",True
1425f2640,32a,8,7,4,"1,4,2,0",True
1425f26e0,32c,144,15,5,"1,4,2,d,0",True
1425f27b0,32d,12,10,4,"1,4,4,0",True
1425f2850,32b,23,14,4,"1,4,d,0",True
1425f28f0,32e,7,6,3,"1,4,0",True
1425f2970,32f,9,8,5,"1,4,2,2,0",True
1425f2a40,330,18,10,3,"1,d,0",True
1425f2ac0,331,3,3,3,"1,2,0",True
1425f2b40,332,8,7,4,"1,4,2,0",True
1425f2c30,122,7,6,3,"1,4,0",True
1425f2cb0,123,7,6,3,"1,4,0",True
1425f2d30,124,7,6,3,"1,4,0",True
1425f2db0,125,8,7,4,"1,4,2,0",True
1425f2e50,126,7,6,3,"1,4,0",True
1425f2ed0,333,7,6,3,"1,4,0",True
1425f2f50,334,8,7,4,"1,4,2,0",True
1425f2ff0,335,8,7,4,"1,4,2,0",True
1425f3090,339,17,15,6,"1,4,6,2,4,0",True
1425f3180,336,28,26,6,"1,4,5,5,4,0",True
1425f3270,337,31,30,6,"1,4,5,5,5,0",True
1425f3360,338,27,26,6,"1,4,5,5,6,0",True
1425f3450,33b,19,18,5,"1,4,6,7,0",True
1425f3520,33c,10,10,3,"1,7,0",True
1425f35a0,33d,16,15,5,"1,4,2,7,0",True
1425f3670,342,28,26,5,"1,4,4,b,0",True
1425f3740,343,23,22,4,"1,4,b,0",True
1425f37e0,344,35,31,11,"1,4,6,6,4,4,4,3,3,2,0",True
1425f39a0,345,8,7,4,"1,4,2,0",True
1425f3a40,346,8,7,4,"1,4,2,0",True
1425f3ae0,347,12,10,4,"1,4,4,0",True
1425f3b80,348,8,7,4,"1,4,2,0",True
1425f3c20,349,16,15,5,"1,4,5,2,0",True
1425f3cf0,34a,12,10,4,"1,4,4,0",True
1425f3d90,34b,8,7,4,"1,4,2,0",True
1425f3e30,34c,12,10,4,"1,4,4,0",True
1425f3ed0,34d,8,7,4,"1,4,2,0",True
1425f3f70,34e,8,7,4,"1,4,2,0",True
1425f4010,34f,43,42,8,"1,4,5,5,5,5,6,0",True
1425f4150,350,260,15,5,"1,4,d,2,0",True
1425f4220,351,8,7,4,"1,4,2,0",True
1425f42c0,352,264,18,5,"1,4,d,4,0",True
1425f4390,353,265,19,6,"1,4,d,4,2,0",True
1425f4480,354,7,6,3,"1,4,0",True
1425f4500,355,264,18,5,"1,4,d,4,0",True
1425f45d0,356,275,27,8,"1,4,d,4,2,4,4,0",True
1425f4710,357,22,18,6,"1,4,4,4,4,0",True
1425f4800,358,8,7,4,"1,4,2,0",True
1425f48a0,359,8,7,4,"1,4,2,0",True
1425f4940,35a,466,80,13,"1,4,2,d,8,8,4,5,2,8,d,d,0",True
1425f4b50,33e,12,10,4,"1,4,4,0",True
1425f4bf0,33f,12,10,4,"1,4,4,0",True
1425f4c90,340,1291,15,4,"1,4,11,0",True
1425f4d30,341,23,22,7,"1,4,6,6,6,6,0",True
1425f4e50,35b,8,7,4,"1,4,2,0",True
1425f4ef0,35c,8,7,4,"1,4,2,0",True
1425f4f90,35d,15,14,7,"1,4,3,3,3,3,0",True
1425f50b0,35e,143,14,4,"1,4,d,0",True
1425f5150,35f,8,7,4,"1,4,2,0",True
1425f5920,127,10,9,5,"1,2,4,3,0",True
1425f59f0,128,9,9,6,"1,2,3,3,3,0",True
1425f5ae0,129,2,2,2,"1,0",True
1425f5b30,12a,87,12,4,"1,3,d,0",True
1425f5bd0,12b,25,22,9,"1,4,4,4,3,3,3,3,0",True
1425f5d40,12c,20,18,8,"1,4,4,3,3,3,3,0",True
1425f5e80,12d,10,9,5,"1,3,4,2,0",True
1425f5f50,12e,19,17,8,"1,4,4,3,3,2,3,0",True
1425f6090,12f,25,24,5,"1,b,4,3,0",True
1425f6160,149,19,19,4,"1,b,2,0",True
1425f6200,131,18,18,3,"1,b,0",True
1425f6280,132,19,19,4,"1,b,2,0",True
1425f6320,133,50,50,8,"1,b,3,3,8,8,6,0",True
1425f6460,134,18,18,3,"1,b,0",True
1425f64e0,130,24,23,5,"1,b,4,2,0",True
1425f65b0,13e,37,31,7,"1,b,3,3,10,2,0",True
1425f6720,136,141,30,6,"1,4,d,d,10,0",True
1425f6810,138,18,18,3,"1,b,0",True
1425f6890,139,19,19,4,"1,b,2,0",True
1425f6930,13a,19,19,4,"1,b,2,0",True
1425f69d0,13b,19,19,4,"1,b,2,0",True
1425f6a70,13c,26,25,6,"1,b,4,3,2,0",True
1425f6b60,13d,26,25,6,"1,b,4,3,2,0",True
1425f6c50,13f,25,24,5,"1,b,4,3,0",True
1425f6d20,140,25,24,5,"1,b,4,3,0",True
1425f6df0,14a,99,32,6,"1,b,4,2,11,0",True
1425f6ee0,141,2,2,2,"1,0",True
1425f6f30,142,72,39,7,"1,b,4,2,d,d,0",True
1425f7050,143,53,35,7,"1,b,4,2,4,d,0",True
1425f7170,144,1031,30,5,"1,b,4,d,0",True
1425f7240,145,167,26,4,"1,b,d,0",True
1425f72e0,146,59,27,5,"1,b,d,2,0",True
1425f73b0,147,23,22,4,"1,b,4,0",True
1425f7450,148,40,39,6,"1,b,2,b,4,0",True
1425f7540,14b,18,18,3,"1,b,0",True
1425f75c0,14c,23,23,6,"1,b,2,3,3,0",True
1425f76b0,360,48,44,13,"1,4,4,2,b,3,3,4,2,3,3,4,0",True
1425f78c0,361,3,3,3,"1,2,0",True
1425f7940,362,2,2,2,"1,0",True
1425f7990,368,2,2,2,"1,0",True
1425f79e0,367,4,4,3,"1,3,0",True
1425f7a60,363,54,20,6,"1,3,4,d,4,0",True
1425f7b50,364,12,12,4,"1,3,5,0",True
1425f7bf0,365,13,12,6,"1,3,3,4,3,0",True
1425f7ce0,366,87,12,4,"1,3,d,0",True
1425f7d80,369,15,14,4,"1,4,5,0",True
1425f7e20,36c,37,31,7,"1,b,3,3,10,2,0",True
1425f7f40,36a,170,34,5,"1,b,d,d,0",True
1425f8010,36b,2,2,2,"1,0",True
1425f8060,36d,19,19,4,"1,b,2,0",True
1425f8100,36e,2586,36,5,"1,b,11,11,0",True
1425f81d0,36f,18,18,3,"1,b,0",True
1425f8250,371,18,18,3,"1,b,0",True
1425f82d0,373,23,22,4,"1,b,4,0",True
1425f8370,376,4,4,3,"1,3,0",True
1425f8470,374,328,28,5,"1,b,2,11,0",True
1425f8540,375,23,22,4,"1,b,4,0",True
1425f85e0,378,68,37,7,"1,b,5,2,2,11,0",True
1425f87a0,379,5136,21,6,"1,5,2,2,11,0",True
1425f8890,37a,7,6,3,"1,4,0",True
1425f8910,37b,7,6,3,"1,4,0",True
1425f8990,37c,19,19,4,"1,b,2,0",True
1425f8a30,37d,151,30,5,"1,b,4,d,0",True
1425f8b00,37e,25,24,5,"1,b,3,4,0",True
1425f8bd0,37f,20,20,4,"1,b,3,0",True
1425f8c70,370,29,26,4,"1,b,10,0",True
1425f8d10,372,27,26,7,"1,b,2,2,3,4,0",True
1425f8e30,377,24,23,5,"1,b,2,4,0",True
1425f8f00,380,18,18,3,"1,b,0",True
1425f8f80,381,24,23,5,"1,b,4,2,0",True
1425f9050,382,156,14,4,"1,4,d,0",True
1425f9d10,14d,7,6,3,"1,4,0",True
1425f9d90,14f,34,34,7,"1,3,3,8,8,6,0",True
1425f9eb0,14e,4,4,3,"1,3,0",True
1425f9f30,150,2,2,2,"1,0",True
1425f9f80,151,74,10,3,"1,d,0",True
1425fa000,152,151,10,3,"1,d,0",True
1425fa080,153,3,3,3,"1,2,0",True
1425fa100,154,4,4,4,"1,2,2,0",True
1425fa1a0,388,158,16,5,"1,4,3,d,0",True
1425fa270,389,7,6,3,"1,4,0",True
1425fa480,10f,5751,11,3,"1,11,0",True
1425fab40,155,7,6,3,"1,4,0",True
1425fabc0,156,6267,16,4,"1,4,12,0",True
1425fac60,157,7,6,3,"1,4,0",True
1425face0,158,4,4,3,"1,3,0",True
1425fad60,15a,9,8,4,"1,4,3,0",True
1425fae00,15c,7,6,3,"1,4,0",True
1425fae80,15d,33,31,9,"1,2,3,4,4,2,b,2,0",True
1425faff0,15e,2,2,2,"1,0",True
1425fb040,15f,2,2,2,"1,0",True
1425fb090,160,2,2,2,"1,0",True
1425fb0e0,38a,2,2,2,"1,0",True
1425fb130,38b,2,2,2,"1,0",True
1425fb180,393,2,2,2,"1,0",True
1425fb1d0,394,4,4,3,"1,3,0",True
1425fb250,395,9,8,4,"1,4,3,0",True
1425fb2f0,396,6261,11,3,"1,11,0",True
1425fb370,397,2,2,2,"1,0",True
1425fb3c0,398,2,2,2,"1,0",True
1425fb410,399,3,3,3,"1,2,0",True
1425fb490,39a,7,7,5,"1,3,3,2,0",True
1425fb560,39b,7,7,5,"1,3,3,2,0",True
1425fb630,3a2,7,6,3,"1,4,0",True
1425fb6b0,3a3,2,2,2,"1,0",True
1425fb700,39f,1262,12,4,"1,2,11,0",True
1425fb7a0,3a0,7,6,3,"1,4,0",True
1425fb820,3a1,7,6,3,"1,4,0",True
1425fb990,3a4,1431,11,3,"1,11,0",True
1425fba10,3a7,9,8,4,"1,4,3,0",True
1425fbab0,3a5,7,6,3,"1,4,0",True
1425fbb30,3a6,4,4,3,"1,3,0",True
1425fbbb0,383,5,5,5,"1,2,2,2,0",True
1425fbc80,384,9,8,4,"1,4,3,0",True
1425fbd20,385,74,10,3,"1,d,0",True
1425fbda0,386,3,3,3,"1,2,0",True
1425fbe20,387,7,6,3,"1,4,0",True
1425fbea0,3a8,7,6,3,"1,4,0",True
1425fbf20,3a9,8,7,4,"1,4,2,0",True
1425fc430,3b0,3,3,3,"1,2,0",True
1425fc4b0,3b1,284,28,5,"1,2,11,b,0",True
1425fc580,38c,2,2,2,"1,0",True
1425fc5d0,38d,164,35,9,"1,2,2,3,d,4,2,b,0",True
1425fc740,38e,440,55,10,"1,2,a,b,3,d,d,2,2,0",True
1425fc8d0,38f,3,3,3,"1,2,0",True
1425fc950,390,2,2,2,"1,0",True
1425fc9a0,391,3,3,3,"1,2,0",True
1425fca20,392,2,2,2,"1,0",True
1425fca70,39c,36,32,9,"1,4,2,4,4,2,8,4,0",True
1425fcbe0,39d,19,18,3,"1,a,0",True
1425fcc60,39e,3,3,3,"1,2,0",True
1425fcce0,3b3,17,14,5,"1,4,4,4,0",True
1425fcdb0,3b4,7,6,3,"1,4,0",True
1425fce30,3b5,267,11,3,"1,11,0",True
1425fceb0,3b2,2,2,2,"1,0",True
1425fcf00,3b6,2,2,2,"1,0",True
1425fcf50,3b7,2,2,2,"1,0",True
1425fd090,3b9,8,7,4,"1,4,2,0",True
1425fd130,3ba,29,19,6,"1,4,4,2,10,0",True
1425fd220,3bb,8,7,4,"1,4,2,0",True
1425fd2c0,3bc,23,22,4,"1,4,b,0",True
1425fd360,3bd,12,10,4,"1,4,4,0",True
1425fd400,3be,12,10,4,"1,4,4,0",True
1425fd4a0,3bf,37,19,6,"1,4,4,2,f,0",True
1425fd590,3c0,123,64,14,"1,4,4,2,4,4,10,10,4,4,4,11,f,0",True
1425fd7c0,3c1,123,64,14,"1,4,4,2,4,4,10,10,4,4,4,11,f,0",True
1425fd9f0,3c2,37,19,6,"1,4,4,2,f,0",True
1425fdae0,3c3,50,30,11,"1,4,4,2,4,4,2,2,2,f,0",True
1425fdca0,3c8,42,23,7,"1,4,4,2,4,f,0",True
1425fddc0,3c9,81,40,10,"1,4,4,2,4,4,4,11,f,0",True
1425fdf50,3ca,38,20,7,"1,4,4,2,2,f,0",True
1425fe070,3cb,106,62,16,"1,4,4,2,4,4,4,4,4,2,4,2,5,11,f,0",True
1425fe2f0,3cc,12,10,4,"1,4,4,0",True
1425fe390,3cd,15,14,4,"1,4,5,0",True
1425fe430,3ce,12,10,4,"1,4,4,0",True
1425fe4d0,3cf,12,10,4,"1,4,4,0",True
1425fe570,3d0,51,27,7,"1,4,4,4,4,11,0",True
1425fe690,3d1,8,7,4,"1,4,2,0",True
1425fe730,3d2,8,7,4,"1,4,2,0",True
1425ff020,3d4,5638,28,5,"1,b,11,2,0",True
1425ff0f0,3d3,19,19,4,"1,b,2,0",True
1425ff190,161,2,2,2,"1,0",True
1425ff300,3d5,15,14,4,"1,5,4,0",True
1425ff3a0,3d6,7,6,3,"1,4,0",True
1425ff420,3d7,4,4,3,"1,3,0",True
1425ff4a0,162,285,30,5,"1,b,4,d,0",True
1425ff570,163,28,26,5,"1,b,4,4,0",True
1425ff640,164,23,22,4,"1,b,4,0",True
1425ff6e0,165,24,23,5,"1,b,4,2,0",True
1425ffc30,166,4,4,4,"1,2,2,0",True
1425ffcd0,168,9,8,5,"1,2,2,4,0",True
1425ffda0,16a,7,6,3,"1,4,0",True
1425ffe20,167,3,3,3,"1,2,0",True
1425ffea0,169,3,3,3,"1,2,0",True
1425fff20,16b,3,3,3,"1,2,0",True
1425fffa0,3d8,3,3,3,"1,2,0",True
142600130,16c,7,6,3,"1,4,0",True
1426001b0,170,8,7,4,"1,4,2,0",True
142600250,171,172,12,4,"1,11,2,0",True
1426002f0,16d,7,6,3,"1,4,0",True
142600370,16e,22,18,6,"1,4,4,4,4,0",True
142600460,16f,12,10,4,"1,4,4,0",True
142600500,3d9,13,11,5,"1,4,4,2,0",True
1426005d0,3da,7,6,3,"1,4,0",True
142600650,3db,2,2,2,"1,0",True
1426006a0,3dc,17,14,5,"1,4,4,4,0",True
142600770,3dd,22,18,6,"1,4,4,4,4,0",True
142600860,3de,12,10,4,"1,4,4,0",True
142600900,3df,7,6,3,"1,4,0",True
142600980,3e0,13,11,5,"1,4,2,4,0",True
142600a50,3e1,12,10,4,"1,4,4,0",True
142600af0,3e2,12,10,4,"1,4,4,0",True
142600b90,3e3,22,18,6,"1,4,4,4,4,0",True
142600c80,3e4,13,11,5,"1,4,4,2,0",True
142600e40,189,7,6,3,"1,4,0",True
142600ec0,18a,12,10,4,"1,4,4,0",True
142600f60,18b,7,6,3,"1,4,0",True
142600fe0,18c,12,10,4,"1,4,4,0",True
142601080,18d,12,10,4,"1,4,4,0",True
142601120,18e,12,10,4,"1,4,4,0",True
1426011c0,18f,12,10,4,"1,4,4,0",True
142601260,190,17,14,5,"1,4,4,4,0",True
142601330,191,19,16,6,"1,4,4,3,4,0",True
1426014a0,192,1806,19,5,"1,4,4,11,0",True
1426015f0,193,46,15,4,"1,4,11,0",True
142601690,194,522,10,3,"1,d,0",True
142601710,195,135,29,8,"1,d,d,4,3,4,2,0",True
142601850,1fc,7,6,3,"1,4,0",True
1426018d0,3e5,24,20,7,"1,4,4,4,4,3,0",True
1426019f0,3e6,591,14,4,"1,4,d,0",True
142601a90,3e7,28,26,5,"1,4,4,b,0",True
142601b60,3e8,174,34,8,"1,4,4,4,4,d,d,0",True
142601ca0,3e9,7,6,3,"1,4,0",True
142601d20,3ea,32,26,8,"1,4,4,4,4,4,4,0",True
142601e60,3eb,12,10,4,"1,4,4,0",True
142601f00,3ec,12,10,4,"1,4,4,0",True
142601fa0,3ed,7,6,3,"1,4,0",True
142602020,3ee,13,11,5,"1,4,2,4,0",True
1426020f0,3ef,14,12,5,"1,4,4,3,0",True
1426021c0,4f0,19,16,6,"1,4,4,4,3,0",True
1426022b0,4f1,7,6,3,"1,4,0",True
142602330,4f2,7,6,3,"1,4,0",True
1426023b0,4f3,9,8,4,"1,4,3,0",True
142602540,3f8,7,6,3,"1,4,0",True
142602640,3f9,2011,11,3,"1,11,0",True
142602710,196,7,6,3,"1,4,0",True
142602880,3fc,7011,11,3,"1,11,0",True
142602b10,3fa,6591,30,7,"1,4,4,11,11,3,0",True
142602c30,3fb,12,10,4,"1,4,4,0",True
142602e10,3fd,200,63,14,"1,4,4,4,2,4,4,4,d,4,a,6,4,0",True
142603040,3fe,206,68,16,"1,4,4,4,2,4,4,4,d,4,a,2,6,4,4,0",True
1426032c0,3ff,12,10,4,"1,4,4,0",True
142603360,400,12,10,4,"1,4,4,0",True
142603400,401,12,10,4,"1,4,4,0",True
1426034a0,402,12,10,4,"1,4,4,0",True
142603540,403,143,14,4,"1,4,d,0",True
1426035e0,404,35,31,7,"1,4,4,4,a,2,0",True
142603750,405,44,31,9,"1,4,4,4,4,4,f,2,0",True
1426038c0,406,12,10,4,"1,4,4,0",True
142603960,407,41,36,9,"1,4,4,4,4,a,2,2,0",True
142603ad0,408,7,6,3,"1,4,0",True
142603b50,409,7,6,3,"1,4,0",True
142603bd0,40a,65,56,12,"1,4,2,4,4,a,6,4,5,2,f,0",True
142604020,19a,2,2,2,"1,0",True
142604070,19b,2,2,2,"1,0",True
1426040c0,19c,2,2,2,"1,0",True
142604110,19d,2,2,2,"1,0",True
142604160,1a0,262,41,9,"1,d,10,2,2,4,11,10,0",True
1426042d0,1a1,263,42,10,"1,2,d,10,2,2,4,11,10,0",True
142604460,1a2,2,2,2,"1,0",True
1426044b0,1a3,2,2,2,"1,0",True
142604500,1a4,274,18,4,"1,d,d,0",True
1426045a0,1a5,2,2,2,"1,0",True
1426045f0,1a8,4,4,4,"1,2,2,0",True
142604690,1a9,100,20,6,"1,d,d,2,2,0",True
142604780,1ab,3,3,3,"1,2,0",True
142604800,1ac,3,3,3,"1,2,0",True
142604880,1a6,127,27,5,"1,d,10,11,0",True
142604950,1a7,2,2,2,"1,0",True
1426049a0,1b8,2,2,2,"1,0",True
1426049f0,1b9,4,4,3,"1,3,0",True
142604a70,1bb,2,2,2,"1,0",True
142604ac0,1bc,2,2,2,"1,0",True
142604b10,19e,20,20,4,"1,b,3,0",True
142604bb0,19f,21,21,5,"1,b,2,3,0",True
142604c80,1b1,18,18,3,"1,b,0",True
142604d00,1ad,2,2,2,"1,0",True
142604d50,1ae,2,2,2,"1,0",True
142604da0,1af,2,2,2,"1,0",True
142604df0,1b0,18,18,3,"1,b,0",True
142604e70,1b2,3,3,3,"1,2,0",True
142604ef0,1b3,2,2,2,"1,0",True
142604f40,1b4,3,3,3,"1,2,0",True
142604fc0,1b5,3,3,3,"1,2,0",True
142605040,1b6,2,2,2,"1,0",True
142605090,1ba,2,2,2,"1,0",True
1426050e0,c,2,2,2,"1,0",True
142605130,3c,2,2,2,"1,0",True
142605180,d7,2,2,2,"1,0",True
1426051d0,109,2,2,2,"1,0",True
142605220,135,2,2,2,"1,0",True
142605270,172,2,2,2,"1,0",True
1426052c0,1aa,2,2,2,"1,0",True
142605310,1b7,2,2,2,"1,0",True
142605360,40b,3,3,3,"1,2,0",True
1426053e0,40d,2,2,2,"1,0",True
142605430,40e,2,2,2,"1,0",True
142605480,40f,6,6,6,"1,2,2,2,2,0",True
142605570,410,30,10,3,"1,d,0",True
1426055f0,411,2,2,2,"1,0",True
142605640,412,142,14,4,"1,e,6,0",True
142605760,413,8131,11,3,"1,11,0",True
1426057e0,414,402,18,4,"1,e,e,0",True
142605900,415,8011,11,3,"1,11,0",True
142605980,416,143,14,4,"1,e,4,0",True
142605aa0,417,8189,11,3,"1,11,0",True
142605b20,418,2,2,2,"1,0",True
142605b70,419,1114,70,9,"1,b,b,d,3,5,5,12,0",True
142605ce0,41a,2,2,2,"1,0",True
142605d30,41b,2,2,2,"1,0",True
142605d80,41c,22,18,6,"1,4,4,4,4,0",True
142605e70,41d,18,15,6,"1,2,4,4,4,0",True
142605f60,41e,2,2,2,"1,0",True
142605fb0,41f,9,8,4,"1,3,4,0",True
142606050,420,2,2,2,"1,0",True
1426060a0,421,40,20,4,"1,11,11,0",True
142606140,422,4,4,3,"1,3,0",True
1426061c0,423,4,4,3,"1,3,0",True
142606240,424,3,3,3,"1,2,0",True
1426062c0,426,2,2,2,"1,0",True
142606310,425,46,45,9,"1,8,7,7,3,2,5,4,0",True
142606480,427,2,2,2,"1,0",True
1426064d0,428,24,20,8,"1,4,4,4,4,2,2,0",True
142606610,429,12,10,4,"1,4,4,0",True
1426066b0,42a,52,48,8,"1,c,4,4,3,4,4,0",True
1426067f0,439,22,18,6,"1,4,4,4,4,0",True
1426068e0,430,15,13,6,"1,3,4,4,2,0",True
1426069d0,431,11,10,6,"1,3,4,2,2,0",True
142606ac0,434,5,5,4,"1,3,2,0",True
142606b60,438,12,12,4,"1,3,5,0",True
142606c00,435,4,4,3,"1,3,0",True
142606c80,436,10,9,5,"1,3,4,2,0",True
142606d50,432,10,9,5,"1,3,2,4,0",True
142606e20,437,9,8,4,"1,3,4,0",True
142606ec0,433,9,8,4,"1,3,4,0",True
142606f60,42b,14,14,3,"1,8,0",True
142606fe0,42c,132,10,3,"1,d,0",True
142607060,42e,6,6,3,"1,6,0",True
1426070e0,42d,10,10,3,"1,5,0",True
142607160,42f,7,6,3,"1,4,0",True
1426071e0,43a,3,3,3,"1,2,0",True
142607260,40c,11,11,3,"1,11,0",True
1426074d0,1bd,7,6,3,"1,4,0",True
142607550,43b,9,8,5,"1,4,2,2,0",True
142607620,43c,44,26,6,"1,4,d,d,4,0",True
142607710,43d,8,7,4,"1,4,2,0",True
1426077b0,43e,37,26,7,"1,4,4,4,6,d,0",True
1426078d0,43f,21,18,6,"1,4,6,4,4,0",True
1426079c0,440,26,22,7,"1,4,4,4,6,4,0",True
142607ae0,441,33,22,6,"1,4,4,4,d,0",True
142607bd0,442,12,10,4,"1,4,4,0",True
142607c70,443,69,54,11,"1,4,d,4,4,4,4,4,b,4,0",True
142607e30,444,11,10,4,"1,4,6,0",True
142607ed0,445,38,26,7,"1,4,d,4,4,4,0",True
142607ff0,446,17,14,5,"1,4,4,4,0",True
1426080c0,447,16,14,5,"1,4,4,6,0",True
142608230,448,1576,15,4,"1,4,11,0",True
1426082d0,449,165,27,7,"1,4,d,d,4,2,0",True
1426083f0,44a,17,14,5,"1,4,4,4,0",True
1426084c0,44b,33,22,6,"1,4,d,4,4,0",True
1426085b0,44c,17,14,5,"1,4,4,4,0",True
142608680,44d,16,14,5,"1,4,4,6,0",True
142608750,44e,38,26,7,"1,4,4,4,d,4,0",True
142608870,44f,12,10,4,"1,4,4,0",True
142608910,450,16,14,5,"1,4,4,6,0",True
1426089e0,451,54,34,8,"1,4,d,d,4,4,4,0",True
142608b20,452,18,15,6,"1,4,4,4,2,0",True
142608c10,453,25,16,6,"1,4,2,2,d,0",True
142608d00,454,7,6,3,"1,4,0",True
142608d80,455,12,10,4,"1,4,4,0",True
142608e20,456,39,30,5,"1,4,b,d,0",True
142608ef0,457,12,10,4,"1,4,4,0",True
142608f90,458,28,18,5,"1,4,4,d,0",True
142609060,459,17,14,5,"1,4,4,4,0",True
142609130,45a,16,14,5,"1,4,4,6,0",True
142609200,45b,50,31,8,"1,4,d,d,4,4,2,0",True
142609340,45c,11,10,4,"1,4,6,0",True
1426093e0,45d,44,26,6,"1,4,d,d,4,0",True
1426094d0,45e,8,7,4,"1,4,2,0",True
142609570,463,160,23,6,"1,4,d,2,d,0",True
142609660,464,19,18,6,"1,4,6,6,6,0",True
142609750,465,7,6,3,"1,4,0",True
1426097d0,45f,32,22,6,"1,4,4,d,6,0",True
1426098c0,460,12,10,4,"1,4,4,0",True
142609960,461,16,14,5,"1,4,4,6,0",True
142609a30,462,12,10,4,"1,4,4,0",True
142609ad0,466,13,11,5,"1,4,4,2,0",True
142609ba0,467,38,26,7,"1,4,4,4,4,d,0",True
142609cc0,468,12,10,4,"1,4,4,0",True
142609d60,469,33,22,6,"1,4,4,4,d,0",True
142609e50,46a,12,10,4,"1,4,4,0",True
142609ef0,46b,33,22,6,"1,4,4,4,d,0",True
142609fe0,46c,12,10,4,"1,4,4,0",True
14260a080,46d,49,30,7,"1,4,d,d,4,4,0",True
14260a1a0,46e,7,6,3,"1,4,0",True
14260a220,46f,17,14,5,"1,4,4,4,0",True
14260a2f0,470,22,18,6,"1,4,4,4,4,0",True
14260a3e0,471,12,10,4,"1,4,4,0",True
14260a480,472,28,18,5,"1,4,4,d,0",True
14260a550,473,18,15,6,"1,4,4,4,2,0",True
14260a640,474,29,24,9,"1,4,4,4,4,4,2,2,0",True
14260a850,6,6,6,4,"1,3,3,0",True
14260a990,7,495,15,6,"1,2,3,2,11,0",True
14260aa80,8,16,14,7,"1,4,2,3,2,4,0",True
14260aba0,9,14,12,5,"1,4,3,4,0",True
14260ad10,a,411,27,4,"1,b,11,0",True
14260b320,475,30,27,6,"1,4,a,4,2,0",True
14260b410,476,1292,12,3,"1,12,0",True
14260b490,477,8,7,4,"1,4,2,0",True
14260b530,478,8,7,4,"1,2,4,0",True
14260b5d0,479,14,12,6,"1,4,4,2,2,0",True
14260b6c0,47a,2,2,2,"1,0",True
14260b7c0,4b4,10,10,3,"1,5,0",True
14260b840,179,34,34,4,"1,b,b,0",True
14260b8e0,17a,18,18,3,"1,b,0",True
14260b960,17b,307,50,7,"1,b,d,b,4,4,0",True
14260ba80,17c,302,46,6,"1,b,d,b,4,0",True
14260bb70,17d,18,18,3,"1,b,0",True
14260cb80,497,7,6,3,"1,4,0",True
14260cc00,499,14,12,5,"1,4,3,4,0",True
14260ccd0,498,17,14,5,"1,4,4,4,0",True
14260cda0,49a,16,14,6,"1,4,3,3,4,0",True
14260ce90,49b,3,3,3,"1,2,0",True
14260cf10,49c,10,9,5,"1,3,4,2,0",True
14260cfe0,49d,281,23,7,"1,4,d,4,2,4,0",True
14260d100,49e,23,22,4,"1,b,4,0",True
14260d1a0,49f,7,6,3,"1,4,0",True
14260d220,4a0,7,6,3,"1,4,0",True
14260d2a0,4a1,9,8,4,"1,3,4,0",True
14260d340,4a2,8,7,4,"1,4,2,0",True
14260d3e0,4a3,1291,15,4,"1,4,11,0",True
14260d480,4a4,8,7,4,"1,4,2,0",True
14260d520,4a5,12,10,4,"1,4,4,0",True
14260d5c0,4a6,23,19,7,"1,4,2,4,4,4,0",True
14260d6e0,4a7,17,14,5,"1,4,4,4,0",True
14260d7b0,4a8,12,10,4,"1,4,4,0",True
14260d850,4a9,7,6,3,"1,4,0",True
14260d8d0,4aa,7,6,3,"1,4,0",True
14260d950,4ab,7,6,3,"1,4,0",True
14260d9d0,4ac,4119,21,6,"1,12,4,2,4,0",True
14260dac0,4ae,13,11,5,"1,2,4,4,0",True
14260db90,4af,2,2,2,"1,0",True
14260dbe0,4b0,17,14,5,"1,4,4,4,0",True
14260dcb0,4b1,17,14,5,"1,4,4,4,0",True
14260dd80,4b2,17,14,5,"1,4,4,4,0",True
14260de50,4ad,18,15,6,"1,4,4,4,2,0",True
14260df40,4b3,7,6,3,"1,4,0",True
14260dfc0,17e,7,6,3,"1,4,0",True
14260e040,17f,7,6,3,"1,4,0",True
14260e0c0,180,7,6,3,"1,4,0",True
14260e140,181,2,2,2,"1,0",True
14260e190,182,3,3,3,"1,2,0",True
14260e210,183,3,3,3,"1,2,0",True
14260e290,184,2,2,2,"1,0",True
14260e2e0,186,7,6,3,"1,4,0",True
14260e360,187,2,2,2,"1,0",True
14260e3b0,188,7,6,3,"1,4,0",True
14260e430,185,7,6,3,"1,4,0",True
14260e920,4ba,16,14,5,"1,4,4,6,0",True
14260e9f0,4bb,26,23,8,"1,4,4,6,4,6,2,0",True
14260ebd0,1ce,7,6,3,"1,4,0",True
14260ec50,4bc,41,34,11,"1,4,3,4,3,4,4,4,4,4,0",True
14260ee10,4bd,7,6,3,"1,4,0",True
14260ee90,4be,46,38,12,"1,4,3,4,3,4,4,4,4,4,4,0",True
14260f070,4bf,24,20,7,"1,4,3,4,4,4,0",True
14260f190,4c0,22,18,6,"1,4,4,4,4,0",True
14260f280,4c1,22,18,6,"1,4,4,4,4,0",True
14260f410,4c2,14,12,5,"1,3,4,4,0",True
14260faa0,4c5,723,77,16,"1,2,2,4,4,5,5,6,4,a,d,d,4,2,4,0",True
14260fe60,4c6,259,14,4,"1,4,d,0",True
14260ff00,4c7,260,15,5,"1,4,d,2,0",True
14260ffd0,4c8,8,7,4,"1,4,2,0",True
142610070,4c9,511,22,5,"1,4,d,d,0",True
142610140,4ca,7,6,3,"1,4,0",True
1426101c0,4cb,12,10,4,"1,4,4,0",True
142610260,4cc,2,2,2,"1,0",True
142610370,4c3,33,32,8,"1,2,2,4,5,5,5,0",True
1426104b0,4c4,3,3,3,"1,2,0",True
1426105d0,4cd,7,6,3,"1,4,0",True
142610650,4ce,1159,22,4,"1,12,12,0",True
1426106f0,4cf,8,7,4,"1,2,4,0",True
142610790,4d0,6,6,6,"1,2,2,2,2,0",True
142610880,4d1,11,10,7,"1,4,2,2,2,2,0",True
142610d70,4d3,96,15,4,"1,4,11,0",True
142610e10,4d4,12,10,4,"1,4,4,0",True
142610eb0,4d5,9,8,5,"1,4,2,2,0",True
142610f80,4d6,18,15,6,"1,4,2,4,4,0",True
142611070,4d7,7,6,3,"1,4,0",True
1426110f0,4d8,23,14,4,"1,4,d,0",True
142611190,4d9,7,6,3,"1,4,0",True
142611690,1d7,2,2,2,"1,0",True
1426116e0,1d8,4,4,3,"1,3,0",True
142611760,1d9,6,6,4,"1,3,3,0",True
142611800,1da,19,19,4,"1,b,2,0",True
1426118a0,1db,260,10,3,"1,d,0",True
142611920,1dc,22,22,5,"1,b,3,3,0",True
1426119f0,1dd,3,3,3,"1,2,0",True
142611a70,1de,7,6,3,"1,4,0",True
142611af0,1df,21,20,4,"1,a,3,0",True
142611b90,1e0,9,8,4,"1,4,3,0",True
142611c30,4da,26,24,5,"1,4,3,a,0",True
142611d00,4db,14,12,5,"1,4,3,4,0",True
142611dd0,4dc,199,22,5,"1,4,10,10,0",True
142612020,4dd,12,11,5,"1,4,6,2,0",True
142612370,4de,15,14,4,"1,5,4,0",True
142612410,4df,3,3,3,"1,2,0",True
142612490,4e0,34,34,4,"1,b,b,0",True
142612530,4e1,34,34,4,"1,b,b,0",True
1426125d0,4e2,34,34,4,"1,b,b,0",True
142612670,4e3,34,34,4,"1,b,b,0",True
142612710,4e7,3,3,3,"1,2,0",True
142612790,4e8,90,26,4,"1,b,d,0",True
142612830,4e9,34,34,4,"1,b,b,0",True
1426128d0,4ea,34,34,4,"1,b,b,0",True
142612970,4eb,34,34,4,"1,b,b,0",True
142612a10,4ec,34,34,4,"1,b,b,0",True
142612ab0,4ed,3,3,3,"1,2,0",True
142612b30,4ee,3,3,3,"1,2,0",True
142612bb0,4ef,23,22,4,"1,4,b,0",True
142612c50,1e1,34,34,4,"1,b,b,0",True
142612cf0,1e2,34,34,4,"1,b,b,0",True
142612d90,1e3,34,34,4,"1,b,b,0",True
142612e30,1e4,34,34,4,"1,b,b,0",True
142612ed0,1e5,34,34,4,"1,b,b,0",True
142612f70,1e6,34,34,4,"1,b,b,0",True
142613010,1e7,34,34,4,"1,b,b,0",True
1426130b0,1e8,34,34,4,"1,b,b,0",True
1426131a0,1ea,42,26,4,"1,b,d,0",True
142613240,1eb,2,2,2,"1,0",True
142613290,1ec,18,18,3,"1,b,0",True
142613310,1ed,74,10,3,"1,d,0",True
142613390,1ee,23,22,4,"1,4,b,0",True
142613430,1ef,18,18,3,"1,b,0",True
1426134b0,1f0,370,65,17,"1,b,4,11,2,d,d,d,2,2,2,2,2,3,2,2,0",True
142613760,1f1,18,18,3,"1,b,0",True
142616ba0,505,35,34,4,"1,4,c,0",True
14263ee70,b,2,2,2,"1,0",True
14263eec0,c,78,14,4,"1,e,6,0",True
14263ef60,d,338,18,4,"1,e,e,0",True
14263f000,e,79,14,4,"1,e,4,0",True
14263f0a0,f,90,26,4,"1,e,b,0",True
14263f140,10,2,2,2,"1,0",True
