registrar,callAddr,tableA,countA,tableB,countB
RegisterRecvOnly,14020701d,1421350d8,2,?,?
RegisterRecvOnly,140207d8d,142138a30,5,?,?
RegisterRecvOnly,14020b30d,14217cdf0,8,?,?
RegisterRecvOnly,14021bc9d,1422393f8,2,?,?
RegisterRecvOnly,14021bded,142239d20,5,141921290,?
RegisterRecvOnly,14021c29d,14223c040,7,141921290,?
RegisterRecvOnly,14021cf4d,14224d368,1,?,?
RegisterRecvOnly,14021d48d,1422586d0,22,?,?
RegisterRecvOnly,14021e4ad,1422d2cf8,2,?,?
RegisterRecvOnly,14021e75d,1422d47c0,8,?,?
RegisterRecvOnly,14021e85d,1422d4ce0,6,?,?
RegisterRecvOnly,14021ee6d,1422dbc20,5,?,?
RegisterRecvOnly,14021ef5d,1422de2f0,6,?,?
RegisterRecvOnly,14021f7bd,1422e2e68,2,?,?
RegisterRecvOnly,14021fa1d,1422e3b28,1,?,?
RegisterRecvOnly,14021faad,1422e4198,1,?,?
RegisterRecvOnly,14021fb6d,1422e4200,7,?,?
RegisterRecvOnly,14021fc5d,1422e46e0,5,?,?
RegisterRecvOnly,14022009d,1422e58b0,7,?,?
RegisterRecvOnly,14022035d,1422e68f0,1,?,?
RegisterRecvOnly,140230f4d,142368c40,6,?,?
RegisterTablePair,1401a6fc1,141921b30,2,?,?
RegisterTablePair,1401a7cc1,141925c80,10,?,?
RegisterTablePair,1401ddef1,141b79950,6,141921290,?
RegisterTablePair,1401de761,141b7f280,2,?,?
RegisterTablePair,1401dee91,141b8c260,7,?,?
RegisterTablePair,140204fb1,142114990,23,?,?
RegisterTablePair,140208bb1,142151cd0,1,?,?
RegisterTablePair,140209311,142156890,1,?,?
RegisterTablePair,14020a031,142167030,220,?,?
RegisterTablePair,14020a771,142178db0,4,?,?
RegisterTablePair,14020a8e1,14217a2f8,1,141921290,?
RegisterTablePair,14020b091,14217c390,3,?,?
RegisterTablePair,14020b421,14217dfa0,3,?,?
RegisterTablePair,14021b391,142231a50,8,?,?
RegisterTablePair,14021b521,1422325b0,2,141921290,?
RegisterTablePair,14021b671,142233f20,9,141921290,?
RegisterTablePair,14021b991,142236f50,1,?,?
RegisterTablePair,14021c451,14223e880,5,?,?
RegisterTablePair,14021cb11,142249370,36,?,?
RegisterTablePair,14021cf01,14224d2a0,8,?,?
RegisterTablePair,14021d281,142253150,10,?,?
RegisterTablePair,14021dcb1,1422ce6a8,1,?,?
RegisterTablePair,14021dd81,1422cf008,4,?,?
RegisterTablePair,14021df71,1422d09d0,6,?,?
RegisterTablePair,14021e101,1422d0f30,6,?,?
RegisterTablePair,14021e271,1422d1a90,14,?,?
RegisterTablePair,14021e581,1422d3390,1,?,?
RegisterTablePair,14021ea81,1422d5740,41,?,?
RegisterTablePair,14021ee21,1422d83f0,1,?,?
RegisterTablePair,14021f1d1,1422df130,5,?,?
RegisterTablePair,14021f501,1422e1360,11,?,?
RegisterTablePair,14021f931,1422e39c0,1,?,?
RegisterTablePair,14021fc0a,?,?,?,?
RegisterTablePair,1402201f1,1422e6350,10,?,?
RegisterTablePair,140220681,1422e6fa0,16,?,?
RegisterTablePair,140222bfa,?,?,?,?
RegisterBidirectional,1401a7134,141921ec0,28,?,?
RegisterBidirectional,14021c3b1,14223c240,1,?,?
